2025-07-17 20:49:50,229 [Worker-1: Loading available Gradle versions] INFO  o.e.b.c.i.u.g.PublishedGradleVersions - Gradle version information cache is out-of-date. Trying to update.
2025-07-17 21:03:17,180 [Worker-2: Loading available Gradle versions] INFO  o.e.b.c.i.u.g.PublishedGradleVersions - Gradle version information cache is up-to-date. Trying to read.
2025-07-23 20:48:02,861 [Worker-1: Loading available Gradle versions] INFO  o.e.b.c.i.u.g.PublishedGradleVersions - Gradle version information cache is out-of-date. Trying to update.
2025-07-24 20:48:17,775 [Worker-4: Loading available Gradle versions] INFO  o.e.b.c.i.u.g.PublishedGradleVersions - Gradle version information cache is out-of-date. Trying to update.
2025-07-24 22:39:42,544 [Worker-2: Loading available Gradle versions] INFO  o.e.b.c.i.u.g.PublishedGradleVersions - Gradle version information cache is up-to-date. Trying to read.
2025-07-26 20:49:01,923 [Worker-4: Loading available Gradle versions] INFO  o.e.b.c.i.u.g.PublishedGradleVersions - Gradle version information cache is out-of-date. Trying to update.
2025-07-27 22:12:57,350 [Worker-2: Loading available Gradle versions] INFO  o.e.b.c.i.u.g.PublishedGradleVersions - Gradle version information cache is out-of-date. Trying to update.
2025-07-28 20:38:18,309 [Worker-0: Loading available Gradle versions] INFO  o.e.b.c.i.u.g.PublishedGradleVersions - Gradle version information cache is up-to-date. Trying to read.
2025-07-29 17:54:20,528 [Worker-6: Loading available Gradle versions] INFO  o.e.b.c.i.u.g.PublishedGradleVersions - Gradle version information cache is out-of-date. Trying to update.
2025-07-29 20:57:33,041 [Worker-4: Loading available Gradle versions] INFO  o.e.b.c.i.u.g.PublishedGradleVersions - Gradle version information cache is up-to-date. Trying to read.
2025-07-31 20:41:59,019 [Worker-2: Loading available Gradle versions] INFO  o.e.b.c.i.u.g.PublishedGradleVersions - Gradle version information cache is out-of-date. Trying to update.
2025-08-01 07:25:37,045 [Worker-1: Loading available Gradle versions] INFO  o.e.b.c.i.u.g.PublishedGradleVersions - Gradle version information cache is up-to-date. Trying to read.
2025-08-01 20:41:24,721 [Worker-2: Loading available Gradle versions] INFO  o.e.b.c.i.u.g.PublishedGradleVersions - Gradle version information cache is up-to-date. Trying to read.
2025-08-02 20:40:36,579 [Worker-4: Loading available Gradle versions] INFO  o.e.b.c.i.u.g.PublishedGradleVersions - Gradle version information cache is out-of-date. Trying to update.
2025-08-05 20:44:43,047 [Worker-0: Loading available Gradle versions] INFO  o.e.b.c.i.u.g.PublishedGradleVersions - Gradle version information cache is out-of-date. Trying to update.
2025-08-06 21:15:25,361 [Worker-1: Loading available Gradle versions] INFO  o.e.b.c.i.u.g.PublishedGradleVersions - Gradle version information cache is out-of-date. Trying to update.
2025-08-07 20:54:09,748 [Worker-4: Loading available Gradle versions] INFO  o.e.b.c.i.u.g.PublishedGradleVersions - Gradle version information cache is up-to-date. Trying to read.
2025-08-08 20:50:09,688 [Worker-4: Loading available Gradle versions] INFO  o.e.b.c.i.u.g.PublishedGradleVersions - Gradle version information cache is out-of-date. Trying to update.
2025-08-12 20:38:52,681 [Worker-5: Loading available Gradle versions] INFO  o.e.b.c.i.u.g.PublishedGradleVersions - Gradle version information cache is out-of-date. Trying to update.
2025-08-13 20:51:11,123 [Worker-4: Loading available Gradle versions] INFO  o.e.b.c.i.u.g.PublishedGradleVersions - Gradle version information cache is out-of-date. Trying to update.
2025-08-16 20:47:31,941 [Worker-5: Loading available Gradle versions] INFO  o.e.b.c.i.u.g.PublishedGradleVersions - Gradle version information cache is out-of-date. Trying to update.
2025-08-19 20:44:28,764 [Worker-2: Loading available Gradle versions] INFO  o.e.b.c.i.u.g.PublishedGradleVersions - Gradle version information cache is out-of-date. Trying to update.
2025-08-20 20:43:15,678 [Worker-2: Loading available Gradle versions] INFO  o.e.b.c.i.u.g.PublishedGradleVersions - Gradle version information cache is up-to-date. Trying to read.
2025-08-22 20:45:43,338 [Worker-2: Loading available Gradle versions] INFO  o.e.b.c.i.u.g.PublishedGradleVersions - Gradle version information cache is out-of-date. Trying to update.
2025-08-23 20:47:27,684 [Worker-4: Loading available Gradle versions] INFO  o.e.b.c.i.u.g.PublishedGradleVersions - Gradle version information cache is out-of-date. Trying to update.
2025-08-29 08:41:03,626 [Worker-0: Loading available Gradle versions] INFO  o.e.b.c.i.u.g.PublishedGradleVersions - Gradle version information cache is out-of-date. Trying to update.
2025-08-29 08:42:00,756 [Worker-4: Loading available Gradle versions] INFO  o.e.b.c.i.u.g.PublishedGradleVersions - Gradle version information cache is up-to-date. Trying to read.
2025-09-09 20:39:31,310 [Worker-3: Loading available Gradle versions] INFO  o.e.b.c.i.u.g.PublishedGradleVersions - Gradle version information cache is out-of-date. Trying to update.
2025-09-11 20:25:23,088 [Worker-2: Loading available Gradle versions] INFO  o.e.b.c.i.u.g.PublishedGradleVersions - Gradle version information cache is out-of-date. Trying to update.
2025-09-13 19:31:20,595 [Worker-0: Loading available Gradle versions] INFO  o.e.b.c.i.u.g.PublishedGradleVersions - Gradle version information cache is out-of-date. Trying to update.
2025-09-13 21:08:04,866 [Worker-58: Launching mavenrun-de76d677-7b74-45e4-a6b8-ccdabba7001f] INFO  o.eclipse.m2e.core.internal.Bundles - getClasspathEntries(Bundle=org.eclipse.m2e.maven.runtime_3.9.400.20230826-0755 [295])
2025-09-13 21:08:04,876 [Worker-58: Launching mavenrun-de76d677-7b74-45e4-a6b8-ccdabba7001f] INFO  o.eclipse.m2e.core.internal.Bundles - 	Entry: C:\Users\ip-slim-3\.p2\pool\plugins\org.eclipse.m2e.maven.runtime_3.9.400.20230826-0755
2025-09-13 21:08:04,877 [Worker-58: Launching mavenrun-de76d677-7b74-45e4-a6b8-ccdabba7001f] INFO  o.eclipse.m2e.core.internal.Bundles - 	Entry: C:\Users\ip-slim-3\.p2\pool\plugins\org.eclipse.m2e.maven.runtime_3.9.400.20230826-0755\jars\aether-connector-okhttp-0.17.8.jar
2025-09-13 21:08:04,878 [Worker-58: Launching mavenrun-de76d677-7b74-45e4-a6b8-ccdabba7001f] INFO  o.eclipse.m2e.core.internal.Bundles - 	Entry: C:\Users\ip-slim-3\.p2\pool\plugins\org.eclipse.m2e.maven.runtime_3.9.400.20230826-0755\jars\aopalliance-1.0.jar
2025-09-13 21:08:04,879 [Worker-58: Launching mavenrun-de76d677-7b74-45e4-a6b8-ccdabba7001f] INFO  o.eclipse.m2e.core.internal.Bundles - 	Entry: C:\Users\ip-slim-3\.p2\pool\plugins\org.eclipse.m2e.maven.runtime_3.9.400.20230826-0755\jars\commons-lang3-3.12.0.jar
2025-09-13 21:08:04,879 [Worker-58: Launching mavenrun-de76d677-7b74-45e4-a6b8-ccdabba7001f] INFO  o.eclipse.m2e.core.internal.Bundles - 	Entry: C:\Users\ip-slim-3\.p2\pool\plugins\org.eclipse.m2e.maven.runtime_3.9.400.20230826-0755\jars\guice-5.1.0.jar
2025-09-13 21:08:04,880 [Worker-58: Launching mavenrun-de76d677-7b74-45e4-a6b8-ccdabba7001f] INFO  o.eclipse.m2e.core.internal.Bundles - 	Entry: C:\Users\ip-slim-3\.p2\pool\plugins\org.eclipse.m2e.maven.runtime_3.9.400.20230826-0755\jars\jansi-2.4.0.jar
2025-09-13 21:08:04,880 [Worker-58: Launching mavenrun-de76d677-7b74-45e4-a6b8-ccdabba7001f] INFO  o.eclipse.m2e.core.internal.Bundles - 	Entry: C:\Users\ip-slim-3\.p2\pool\plugins\org.eclipse.m2e.maven.runtime_3.9.400.20230826-0755\jars\maven-artifact-3.9.4.jar
2025-09-13 21:08:04,881 [Worker-58: Launching mavenrun-de76d677-7b74-45e4-a6b8-ccdabba7001f] INFO  o.eclipse.m2e.core.internal.Bundles - 	Entry: C:\Users\ip-slim-3\.p2\pool\plugins\org.eclipse.m2e.maven.runtime_3.9.400.20230826-0755\jars\maven-builder-support-3.9.4.jar
2025-09-13 21:08:04,882 [Worker-58: Launching mavenrun-de76d677-7b74-45e4-a6b8-ccdabba7001f] INFO  o.eclipse.m2e.core.internal.Bundles - 	Entry: C:\Users\ip-slim-3\.p2\pool\plugins\org.eclipse.m2e.maven.runtime_3.9.400.20230826-0755\jars\maven-compat-3.9.4.jar
2025-09-13 21:08:04,882 [Worker-58: Launching mavenrun-de76d677-7b74-45e4-a6b8-ccdabba7001f] INFO  o.eclipse.m2e.core.internal.Bundles - 	Entry: C:\Users\ip-slim-3\.p2\pool\plugins\org.eclipse.m2e.maven.runtime_3.9.400.20230826-0755\jars\maven-core-3.9.4.jar
2025-09-13 21:08:04,883 [Worker-58: Launching mavenrun-de76d677-7b74-45e4-a6b8-ccdabba7001f] INFO  o.eclipse.m2e.core.internal.Bundles - 	Entry: C:\Users\ip-slim-3\.p2\pool\plugins\org.eclipse.m2e.maven.runtime_3.9.400.20230826-0755\jars\maven-embedder-3.9.4.jar
2025-09-13 21:08:04,883 [Worker-58: Launching mavenrun-de76d677-7b74-45e4-a6b8-ccdabba7001f] INFO  o.eclipse.m2e.core.internal.Bundles - 	Entry: C:\Users\ip-slim-3\.p2\pool\plugins\org.eclipse.m2e.maven.runtime_3.9.400.20230826-0755\jars\maven-model-3.9.4.jar
2025-09-13 21:08:04,883 [Worker-58: Launching mavenrun-de76d677-7b74-45e4-a6b8-ccdabba7001f] INFO  o.eclipse.m2e.core.internal.Bundles - 	Entry: C:\Users\ip-slim-3\.p2\pool\plugins\org.eclipse.m2e.maven.runtime_3.9.400.20230826-0755\jars\maven-model-builder-3.9.4.jar
2025-09-13 21:08:04,883 [Worker-58: Launching mavenrun-de76d677-7b74-45e4-a6b8-ccdabba7001f] INFO  o.eclipse.m2e.core.internal.Bundles - 	Entry: C:\Users\ip-slim-3\.p2\pool\plugins\org.eclipse.m2e.maven.runtime_3.9.400.20230826-0755\jars\maven-plugin-api-3.9.4.jar
2025-09-13 21:08:04,884 [Worker-58: Launching mavenrun-de76d677-7b74-45e4-a6b8-ccdabba7001f] INFO  o.eclipse.m2e.core.internal.Bundles - 	Entry: C:\Users\ip-slim-3\.p2\pool\plugins\org.eclipse.m2e.maven.runtime_3.9.400.20230826-0755\jars\maven-repository-metadata-3.9.4.jar
2025-09-13 21:08:04,884 [Worker-58: Launching mavenrun-de76d677-7b74-45e4-a6b8-ccdabba7001f] INFO  o.eclipse.m2e.core.internal.Bundles - 	Entry: C:\Users\ip-slim-3\.p2\pool\plugins\org.eclipse.m2e.maven.runtime_3.9.400.20230826-0755\jars\maven-resolver-api-1.9.14.jar
2025-09-13 21:08:04,884 [Worker-58: Launching mavenrun-de76d677-7b74-45e4-a6b8-ccdabba7001f] INFO  o.eclipse.m2e.core.internal.Bundles - 	Entry: C:\Users\ip-slim-3\.p2\pool\plugins\org.eclipse.m2e.maven.runtime_3.9.400.20230826-0755\jars\maven-resolver-connector-basic-1.9.14.jar
2025-09-13 21:08:04,884 [Worker-58: Launching mavenrun-de76d677-7b74-45e4-a6b8-ccdabba7001f] INFO  o.eclipse.m2e.core.internal.Bundles - 	Entry: C:\Users\ip-slim-3\.p2\pool\plugins\org.eclipse.m2e.maven.runtime_3.9.400.20230826-0755\jars\maven-resolver-impl-1.9.14.jar
2025-09-13 21:08:04,884 [Worker-58: Launching mavenrun-de76d677-7b74-45e4-a6b8-ccdabba7001f] INFO  o.eclipse.m2e.core.internal.Bundles - 	Entry: C:\Users\ip-slim-3\.p2\pool\plugins\org.eclipse.m2e.maven.runtime_3.9.400.20230826-0755\jars\maven-resolver-named-locks-1.9.14.jar
2025-09-13 21:08:04,884 [Worker-58: Launching mavenrun-de76d677-7b74-45e4-a6b8-ccdabba7001f] INFO  o.eclipse.m2e.core.internal.Bundles - 	Entry: C:\Users\ip-slim-3\.p2\pool\plugins\org.eclipse.m2e.maven.runtime_3.9.400.20230826-0755\jars\maven-resolver-provider-3.9.4.jar
2025-09-13 21:08:04,884 [Worker-58: Launching mavenrun-de76d677-7b74-45e4-a6b8-ccdabba7001f] INFO  o.eclipse.m2e.core.internal.Bundles - 	Entry: C:\Users\ip-slim-3\.p2\pool\plugins\org.eclipse.m2e.maven.runtime_3.9.400.20230826-0755\jars\maven-resolver-spi-1.9.14.jar
2025-09-13 21:08:04,884 [Worker-58: Launching mavenrun-de76d677-7b74-45e4-a6b8-ccdabba7001f] INFO  o.eclipse.m2e.core.internal.Bundles - 	Entry: C:\Users\ip-slim-3\.p2\pool\plugins\org.eclipse.m2e.maven.runtime_3.9.400.20230826-0755\jars\maven-resolver-transport-wagon-1.9.14.jar
2025-09-13 21:08:04,884 [Worker-58: Launching mavenrun-de76d677-7b74-45e4-a6b8-ccdabba7001f] INFO  o.eclipse.m2e.core.internal.Bundles - 	Entry: C:\Users\ip-slim-3\.p2\pool\plugins\org.eclipse.m2e.maven.runtime_3.9.400.20230826-0755\jars\maven-resolver-util-1.9.14.jar
2025-09-13 21:08:04,885 [Worker-58: Launching mavenrun-de76d677-7b74-45e4-a6b8-ccdabba7001f] INFO  o.eclipse.m2e.core.internal.Bundles - 	Entry: C:\Users\ip-slim-3\.p2\pool\plugins\org.eclipse.m2e.maven.runtime_3.9.400.20230826-0755\jars\maven-settings-3.9.4.jar
2025-09-13 21:08:04,885 [Worker-58: Launching mavenrun-de76d677-7b74-45e4-a6b8-ccdabba7001f] INFO  o.eclipse.m2e.core.internal.Bundles - 	Entry: C:\Users\ip-slim-3\.p2\pool\plugins\org.eclipse.m2e.maven.runtime_3.9.400.20230826-0755\jars\maven-settings-builder-3.9.4.jar
2025-09-13 21:08:04,886 [Worker-58: Launching mavenrun-de76d677-7b74-45e4-a6b8-ccdabba7001f] INFO  o.eclipse.m2e.core.internal.Bundles - 	Entry: C:\Users\ip-slim-3\.p2\pool\plugins\org.eclipse.m2e.maven.runtime_3.9.400.20230826-0755\jars\maven-shared-utils-3.3.4.jar
2025-09-13 21:08:04,886 [Worker-58: Launching mavenrun-de76d677-7b74-45e4-a6b8-ccdabba7001f] INFO  o.eclipse.m2e.core.internal.Bundles - 	Entry: C:\Users\ip-slim-3\.p2\pool\plugins\org.eclipse.m2e.maven.runtime_3.9.400.20230826-0755\jars\okhttp-3.14.1.jar
2025-09-13 21:08:04,886 [Worker-58: Launching mavenrun-de76d677-7b74-45e4-a6b8-ccdabba7001f] INFO  o.eclipse.m2e.core.internal.Bundles - 	Entry: C:\Users\ip-slim-3\.p2\pool\plugins\org.eclipse.m2e.maven.runtime_3.9.400.20230826-0755\jars\okio-1.17.3.jar
2025-09-13 21:08:04,886 [Worker-58: Launching mavenrun-de76d677-7b74-45e4-a6b8-ccdabba7001f] INFO  o.eclipse.m2e.core.internal.Bundles - 	Entry: C:\Users\ip-slim-3\.p2\pool\plugins\org.eclipse.m2e.maven.runtime_3.9.400.20230826-0755\jars\org.eclipse.sisu.inject-0.3.5.jar
2025-09-13 21:08:04,887 [Worker-58: Launching mavenrun-de76d677-7b74-45e4-a6b8-ccdabba7001f] INFO  o.eclipse.m2e.core.internal.Bundles - 	Entry: C:\Users\ip-slim-3\.p2\pool\plugins\org.eclipse.m2e.maven.runtime_3.9.400.20230826-0755\jars\org.eclipse.sisu.plexus-0.3.5.jar
2025-09-13 21:08:04,887 [Worker-58: Launching mavenrun-de76d677-7b74-45e4-a6b8-ccdabba7001f] INFO  o.eclipse.m2e.core.internal.Bundles - 	Entry: C:\Users\ip-slim-3\.p2\pool\plugins\org.eclipse.m2e.maven.runtime_3.9.400.20230826-0755\jars\plexus-build-api-0.0.7.jar
2025-09-13 21:08:04,887 [Worker-58: Launching mavenrun-de76d677-7b74-45e4-a6b8-ccdabba7001f] INFO  o.eclipse.m2e.core.internal.Bundles - 	Entry: C:\Users\ip-slim-3\.p2\pool\plugins\org.eclipse.m2e.maven.runtime_3.9.400.20230826-0755\jars\plexus-cipher-2.0.jar
2025-09-13 21:08:04,887 [Worker-58: Launching mavenrun-de76d677-7b74-45e4-a6b8-ccdabba7001f] INFO  o.eclipse.m2e.core.internal.Bundles - 	Entry: C:\Users\ip-slim-3\.p2\pool\plugins\org.eclipse.m2e.maven.runtime_3.9.400.20230826-0755\jars\plexus-classworlds-2.7.0.jar
2025-09-13 21:08:04,887 [Worker-58: Launching mavenrun-de76d677-7b74-45e4-a6b8-ccdabba7001f] INFO  o.eclipse.m2e.core.internal.Bundles - 	Entry: C:\Users\ip-slim-3\.p2\pool\plugins\org.eclipse.m2e.maven.runtime_3.9.400.20230826-0755\jars\plexus-component-annotations-2.1.0.jar
2025-09-13 21:08:04,887 [Worker-58: Launching mavenrun-de76d677-7b74-45e4-a6b8-ccdabba7001f] INFO  o.eclipse.m2e.core.internal.Bundles - 	Entry: C:\Users\ip-slim-3\.p2\pool\plugins\org.eclipse.m2e.maven.runtime_3.9.400.20230826-0755\jars\plexus-interpolation-1.26.jar
2025-09-13 21:08:04,888 [Worker-58: Launching mavenrun-de76d677-7b74-45e4-a6b8-ccdabba7001f] INFO  o.eclipse.m2e.core.internal.Bundles - 	Entry: C:\Users\ip-slim-3\.p2\pool\plugins\org.eclipse.m2e.maven.runtime_3.9.400.20230826-0755\jars\plexus-sec-dispatcher-2.0.jar
2025-09-13 21:08:04,888 [Worker-58: Launching mavenrun-de76d677-7b74-45e4-a6b8-ccdabba7001f] INFO  o.eclipse.m2e.core.internal.Bundles - 	Entry: C:\Users\ip-slim-3\.p2\pool\plugins\org.eclipse.m2e.maven.runtime_3.9.400.20230826-0755\jars\plexus-utils-3.5.1.jar
2025-09-13 21:08:04,888 [Worker-58: Launching mavenrun-de76d677-7b74-45e4-a6b8-ccdabba7001f] INFO  o.eclipse.m2e.core.internal.Bundles - 	Entry: C:\Users\ip-slim-3\.p2\pool\plugins\org.eclipse.m2e.maven.runtime_3.9.400.20230826-0755\jars\wagon-file-3.5.3.jar
2025-09-13 21:08:04,888 [Worker-58: Launching mavenrun-de76d677-7b74-45e4-a6b8-ccdabba7001f] INFO  o.eclipse.m2e.core.internal.Bundles - 	Entry: C:\Users\ip-slim-3\.p2\pool\plugins\org.eclipse.m2e.maven.runtime_3.9.400.20230826-0755\jars\wagon-provider-api-3.5.3.jar
2025-09-13 21:08:04,891 [Worker-58: Launching mavenrun-de76d677-7b74-45e4-a6b8-ccdabba7001f] INFO  o.eclipse.m2e.core.internal.Bundles - getClasspathEntries(Bundle=com.google.guava_32.1.2.jre [10])
2025-09-13 21:08:04,892 [Worker-58: Launching mavenrun-de76d677-7b74-45e4-a6b8-ccdabba7001f] INFO  o.eclipse.m2e.core.internal.Bundles - 	Entry: C:\Users\ip-slim-3\.p2\pool\plugins\com.google.guava_32.1.2.jre.jar
2025-09-13 21:08:04,892 [Worker-58: Launching mavenrun-de76d677-7b74-45e4-a6b8-ccdabba7001f] INFO  o.eclipse.m2e.core.internal.Bundles - getClasspathEntries(Bundle=slf4j.api_2.0.11 [546])
2025-09-13 21:08:04,892 [Worker-58: Launching mavenrun-de76d677-7b74-45e4-a6b8-ccdabba7001f] INFO  o.eclipse.m2e.core.internal.Bundles - 	Entry: C:\Users\ip-slim-3\.p2\pool\plugins\slf4j.api_2.0.11.jar
2025-09-13 21:08:04,893 [Worker-58: Launching mavenrun-de76d677-7b74-45e4-a6b8-ccdabba7001f] INFO  o.eclipse.m2e.core.internal.Bundles - getClasspathEntries(Bundle=javax.inject_1.0.0.v20220405-0441 [26])
2025-09-13 21:08:04,893 [Worker-58: Launching mavenrun-de76d677-7b74-45e4-a6b8-ccdabba7001f] INFO  o.eclipse.m2e.core.internal.Bundles - 	Entry: C:\Users\ip-slim-3\.p2\pool\plugins\javax.inject_1.0.0.v20220405-0441.jar
2025-09-13 21:08:04,893 [Worker-58: Launching mavenrun-de76d677-7b74-45e4-a6b8-ccdabba7001f] INFO  o.eclipse.m2e.core.internal.Bundles - getClasspathEntries(Bundle=javax.annotation_1.3.5.v20200909-1856 [24])
2025-09-13 21:08:04,894 [Worker-58: Launching mavenrun-de76d677-7b74-45e4-a6b8-ccdabba7001f] INFO  o.eclipse.m2e.core.internal.Bundles - 	Entry: C:\Users\ip-slim-3\.p2\pool\plugins\javax.annotation_1.3.5.v20200909-1856.jar
2025-09-13 21:08:04,894 [Worker-58: Launching mavenrun-de76d677-7b74-45e4-a6b8-ccdabba7001f] INFO  o.eclipse.m2e.core.internal.Bundles - getClasspathEntries(Bundle=org.apache.commons.cli_1.5.0 [49])
2025-09-13 21:08:04,895 [Worker-58: Launching mavenrun-de76d677-7b74-45e4-a6b8-ccdabba7001f] INFO  o.eclipse.m2e.core.internal.Bundles - 	Entry: C:\Users\ip-slim-3\.p2\pool\plugins\org.apache.commons.cli_1.5.0.jar
2025-09-13 21:08:04,895 [Worker-58: Launching mavenrun-de76d677-7b74-45e4-a6b8-ccdabba7001f] INFO  o.eclipse.m2e.core.internal.Bundles - getClasspathEntries(Bundle=com.google.guava.failureaccess_1.0.1 [12])
2025-09-13 21:08:04,895 [Worker-58: Launching mavenrun-de76d677-7b74-45e4-a6b8-ccdabba7001f] INFO  o.eclipse.m2e.core.internal.Bundles - 	Entry: C:\Users\ip-slim-3\.p2\pool\plugins\com.google.guava.failureaccess_1.0.1.jar
2025-09-13 21:08:04,900 [Worker-58: Launching mavenrun-de76d677-7b74-45e4-a6b8-ccdabba7001f] INFO  o.e.m.i.launch.MavenLaunchDelegate - Run build in "C:\Users\IP-SLI~1\AppData\Local\Temp\m2e-archetypeGenerator7115585887426694661":
2025-09-13 21:08:04,901 [Worker-58: Launching mavenrun-de76d677-7b74-45e4-a6b8-ccdabba7001f] INFO  o.e.m.i.launch.MavenLaunchDelegate -  mvn  -DarchetypeGroupId=org.apache.maven.archetypes -DarchetypeArtifactId=maven-archetype-quickstart -DarchetypeVersion=1.0 -DgroupId=com.selenium.basics -DartifactId=selenium-maven-project -Dversion=0.0.1-SNAPSHOT -Dpackage=com.selenium.basics.selenium_maven_project -DoutputDirectory=C:\Users\ip-slim-3\eclipse-workspacenew-July25 -Dstyle.color=always -U archetype:generate
2025-09-13 21:10:24,228 [Worker-51: Creating maven-archetype-quickstart] INFO  o.e.m.c.i.p.ProjectConfigurationManager - Collecting project info '/pom.xml' C:\Users\ip-slim-3\eclipse-workspacenew-July25\selenium-maven-project\pom.xml
2025-09-13 21:10:25,046 [Worker-51: Creating maven-archetype-quickstart] INFO  o.e.m.c.i.l.LifecycleMappingFactory - Using org.eclipse.m2e.jdt.JarLifecycleMapping lifecycle mapping for MavenProject: com.selenium.basics:selenium-maven-project:0.0.1-SNAPSHOT @ C:\Users\ip-slim-3\eclipse-workspacenew-July25\selenium-maven-project\pom.xml.
2025-09-13 21:10:25,924 [Worker-51: Creating maven-archetype-quickstart] INFO  o.e.m.j.i.AbstractJavaProjectConfigurator - Adding source folder /selenium-maven-project/src/main/java
2025-09-13 21:10:25,924 [Worker-51: Creating maven-archetype-quickstart] INFO  o.e.m.j.i.AbstractJavaProjectConfigurator - Adding resource folder /selenium-maven-project/src/main/resources
2025-09-13 21:10:25,928 [Worker-51: Creating maven-archetype-quickstart] INFO  o.e.m.j.i.AbstractJavaProjectConfigurator - Adding source folder /selenium-maven-project/src/test/java
2025-09-13 21:10:25,931 [Worker-51: Creating maven-archetype-quickstart] INFO  o.e.m.j.i.AbstractJavaProjectConfigurator - Adding resource folder /selenium-maven-project/src/test/resources
2025-09-13 21:10:25,934 [Worker-51: Creating maven-archetype-quickstart] ERROR o.e.m.j.i.AbstractJavaProjectConfigurator - Failed to find a compatible VM for environment id 'JavaSE-1.8', falling back to workspace default
2025-09-13 21:10:26,020 [Worker-51: Creating maven-archetype-quickstart] INFO  o.e.m.c.i.p.ProjectConfigurationManager - Imported and configured 1 project(s) in 1 sec
2025-09-13 21:10:26,409 [Worker-60: Building] WARN  o.a.m.s.f.DefaultMavenResourcesFiltering - Using platform encoding (UTF-8 actually) to copy filtered resources, i.e. build is platform dependent!
2025-09-13 21:10:26,411 [Worker-60: Building] INFO  o.a.m.s.f.DefaultMavenResourcesFiltering - skip non existing resourceDirectory C:\Users\ip-slim-3\eclipse-workspacenew-July25\selenium-maven-project\src\main\resources
2025-09-13 21:10:26,416 [Worker-60: Building] WARN  o.a.m.s.f.DefaultMavenResourcesFiltering - Using platform encoding (UTF-8 actually) to copy filtered resources, i.e. build is platform dependent!
2025-09-13 21:10:26,417 [Worker-60: Building] INFO  o.a.m.s.f.DefaultMavenResourcesFiltering - skip non existing resourceDirectory C:\Users\ip-slim-3\eclipse-workspacenew-July25\selenium-maven-project\src\test\resources
2025-09-13 21:10:27,424 [Worker-57: Download sources and javadoc] INFO  o.e.m.c.i.e.AbstractTransferListenerAdapter - Downloading https://repo.maven.apache.org/maven2/junit/junit/3.8.1/junit-3.8.1-sources.jar
2025-09-13 21:10:27,632 [Worker-57: Download sources and javadoc] INFO  o.e.m.c.i.e.AbstractTransferListenerAdapter - Downloaded https://repo.maven.apache.org/maven2/junit/junit/3.8.1/junit-3.8.1-sources.jar
2025-09-13 21:10:27,639 [Worker-57: Download sources and javadoc] INFO  o.e.m.j.internal.DownloadSourcesJob - Downloaded sources for junit:junit:3.8.1
2025-09-16 22:05:21,745 [Worker-6: Loading available Gradle versions] INFO  o.e.b.c.i.u.g.PublishedGradleVersions - Gradle version information cache is up-to-date. Trying to read.
2025-09-16 22:16:02,923 [Worker-1: Building] INFO  o.e.m.c.i.l.LifecycleMappingFactory - Using org.eclipse.m2e.jdt.JarLifecycleMapping lifecycle mapping for MavenProject: com.selenium.basics:selenium-maven-project:0.0.1-SNAPSHOT @ C:\Users\ip-slim-3\eclipse-workspacenew-July25\selenium-maven-project\pom.xml.
2025-09-16 22:16:03,214 [Worker-1: Building] WARN  o.a.m.s.f.DefaultMavenResourcesFiltering - Using platform encoding (UTF-8 actually) to copy filtered resources, i.e. build is platform dependent!
2025-09-16 22:16:03,215 [Worker-1: Building] INFO  o.a.m.s.f.DefaultMavenResourcesFiltering - skip non existing resourceDirectory C:\Users\ip-slim-3\eclipse-workspacenew-July25\selenium-maven-project\src\main\resources
2025-09-16 22:16:03,221 [Worker-1: Building] WARN  o.a.m.s.f.DefaultMavenResourcesFiltering - Using platform encoding (UTF-8 actually) to copy filtered resources, i.e. build is platform dependent!
2025-09-16 22:16:03,223 [Worker-1: Building] INFO  o.a.m.s.f.DefaultMavenResourcesFiltering - skip non existing resourceDirectory C:\Users\ip-slim-3\eclipse-workspacenew-July25\selenium-maven-project\src\test\resources
2025-09-16 22:16:54,841 [Worker-18: Building] INFO  o.e.m.c.i.l.LifecycleMappingFactory - Using org.eclipse.m2e.jdt.JarLifecycleMapping lifecycle mapping for MavenProject: com.selenium.basics:selenium-maven-project:0.0.1-SNAPSHOT @ C:\Users\ip-slim-3\eclipse-workspacenew-July25\selenium-maven-project\pom.xml.
2025-09-16 22:16:55,300 [Worker-18: Building] INFO  o.e.m.c.i.e.AbstractTransferListenerAdapter - Downloading https://repo.maven.apache.org/maven2/org/seleniumhq/selenium/selenium-java/4.35.0/selenium-java-4.35.0.pom
2025-09-16 22:16:55,384 [Worker-18: Building] INFO  o.e.m.c.i.e.AbstractTransferListenerAdapter - Downloaded https://repo.maven.apache.org/maven2/org/seleniumhq/selenium/selenium-java/4.35.0/selenium-java-4.35.0.pom
2025-09-16 22:16:55,453 [Worker-18: Building] INFO  o.e.m.c.i.e.AbstractTransferListenerAdapter - Downloading https://repo.maven.apache.org/maven2/org/seleniumhq/selenium/selenium-api/4.35.0/selenium-api-4.35.0.pom
2025-09-16 22:16:55,502 [Worker-18: Building] INFO  o.e.m.c.i.e.AbstractTransferListenerAdapter - Downloaded https://repo.maven.apache.org/maven2/org/seleniumhq/selenium/selenium-api/4.35.0/selenium-api-4.35.0.pom
2025-09-16 22:16:55,561 [Worker-18: Building] INFO  o.e.m.c.i.e.AbstractTransferListenerAdapter - Downloading https://repo.maven.apache.org/maven2/org/seleniumhq/selenium/selenium-chrome-driver/4.35.0/selenium-chrome-driver-4.35.0.pom
2025-09-16 22:16:55,632 [Worker-18: Building] INFO  o.e.m.c.i.e.AbstractTransferListenerAdapter - Downloaded https://repo.maven.apache.org/maven2/org/seleniumhq/selenium/selenium-chrome-driver/4.35.0/selenium-chrome-driver-4.35.0.pom
2025-09-16 22:16:55,708 [Worker-18: Building] INFO  o.e.m.c.i.e.AbstractTransferListenerAdapter - Downloading https://repo.maven.apache.org/maven2/org/seleniumhq/selenium/selenium-chromium-driver/4.35.0/selenium-chromium-driver-4.35.0.pom
2025-09-16 22:16:55,757 [Worker-18: Building] INFO  o.e.m.c.i.e.AbstractTransferListenerAdapter - Downloaded https://repo.maven.apache.org/maven2/org/seleniumhq/selenium/selenium-chromium-driver/4.35.0/selenium-chromium-driver-4.35.0.pom
2025-09-16 22:16:55,805 [Worker-18: Building] INFO  o.e.m.c.i.e.AbstractTransferListenerAdapter - Downloading https://repo.maven.apache.org/maven2/org/seleniumhq/selenium/selenium-json/4.35.0/selenium-json-4.35.0.pom
2025-09-16 22:16:55,872 [Worker-18: Building] INFO  o.e.m.c.i.e.AbstractTransferListenerAdapter - Downloaded https://repo.maven.apache.org/maven2/org/seleniumhq/selenium/selenium-json/4.35.0/selenium-json-4.35.0.pom
2025-09-16 22:16:55,921 [Worker-18: Building] INFO  o.e.m.c.i.e.AbstractTransferListenerAdapter - Downloading https://repo.maven.apache.org/maven2/org/seleniumhq/selenium/selenium-remote-driver/4.35.0/selenium-remote-driver-4.35.0.pom
2025-09-16 22:16:55,972 [Worker-18: Building] INFO  o.e.m.c.i.e.AbstractTransferListenerAdapter - Downloaded https://repo.maven.apache.org/maven2/org/seleniumhq/selenium/selenium-remote-driver/4.35.0/selenium-remote-driver-4.35.0.pom
2025-09-16 22:16:56,058 [Worker-18: Building] INFO  o.e.m.c.i.e.AbstractTransferListenerAdapter - Downloading https://repo.maven.apache.org/maven2/io/opentelemetry/opentelemetry-api/1.53.0/opentelemetry-api-1.53.0.pom
2025-09-16 22:16:56,110 [Worker-18: Building] INFO  o.e.m.c.i.e.AbstractTransferListenerAdapter - Downloaded https://repo.maven.apache.org/maven2/io/opentelemetry/opentelemetry-api/1.53.0/opentelemetry-api-1.53.0.pom
2025-09-16 22:16:56,157 [Worker-18: Building] INFO  o.e.m.c.i.e.AbstractTransferListenerAdapter - Downloading https://repo.maven.apache.org/maven2/io/opentelemetry/opentelemetry-context/1.53.0/opentelemetry-context-1.53.0.pom
2025-09-16 22:16:56,206 [Worker-18: Building] INFO  o.e.m.c.i.e.AbstractTransferListenerAdapter - Downloaded https://repo.maven.apache.org/maven2/io/opentelemetry/opentelemetry-context/1.53.0/opentelemetry-context-1.53.0.pom
2025-09-16 22:16:56,255 [Worker-18: Building] INFO  o.e.m.c.i.e.AbstractTransferListenerAdapter - Downloading https://repo.maven.apache.org/maven2/io/opentelemetry/opentelemetry-common/1.53.0/opentelemetry-common-1.53.0.pom
2025-09-16 22:16:56,304 [Worker-18: Building] INFO  o.e.m.c.i.e.AbstractTransferListenerAdapter - Downloaded https://repo.maven.apache.org/maven2/io/opentelemetry/opentelemetry-common/1.53.0/opentelemetry-common-1.53.0.pom
2025-09-16 22:16:56,364 [Worker-18: Building] INFO  o.e.m.c.i.e.AbstractTransferListenerAdapter - Downloading https://repo.maven.apache.org/maven2/io/opentelemetry/opentelemetry-exporter-logging/1.53.0/opentelemetry-exporter-logging-1.53.0.pom
2025-09-16 22:16:56,413 [Worker-18: Building] INFO  o.e.m.c.i.e.AbstractTransferListenerAdapter - Downloaded https://repo.maven.apache.org/maven2/io/opentelemetry/opentelemetry-exporter-logging/1.53.0/opentelemetry-exporter-logging-1.53.0.pom
2025-09-16 22:16:56,463 [Worker-18: Building] INFO  o.e.m.c.i.e.AbstractTransferListenerAdapter - Downloading https://repo.maven.apache.org/maven2/io/opentelemetry/opentelemetry-sdk/1.53.0/opentelemetry-sdk-1.53.0.pom
2025-09-16 22:16:56,520 [Worker-18: Building] INFO  o.e.m.c.i.e.AbstractTransferListenerAdapter - Downloaded https://repo.maven.apache.org/maven2/io/opentelemetry/opentelemetry-sdk/1.53.0/opentelemetry-sdk-1.53.0.pom
2025-09-16 22:16:56,577 [Worker-18: Building] INFO  o.e.m.c.i.e.AbstractTransferListenerAdapter - Downloading https://repo.maven.apache.org/maven2/io/opentelemetry/opentelemetry-sdk-common/1.53.0/opentelemetry-sdk-common-1.53.0.pom
2025-09-16 22:16:56,629 [Worker-18: Building] INFO  o.e.m.c.i.e.AbstractTransferListenerAdapter - Downloaded https://repo.maven.apache.org/maven2/io/opentelemetry/opentelemetry-sdk-common/1.53.0/opentelemetry-sdk-common-1.53.0.pom
2025-09-16 22:16:56,681 [Worker-18: Building] INFO  o.e.m.c.i.e.AbstractTransferListenerAdapter - Downloading https://repo.maven.apache.org/maven2/io/opentelemetry/opentelemetry-sdk-trace/1.53.0/opentelemetry-sdk-trace-1.53.0.pom
2025-09-16 22:16:56,728 [Worker-18: Building] INFO  o.e.m.c.i.e.AbstractTransferListenerAdapter - Downloaded https://repo.maven.apache.org/maven2/io/opentelemetry/opentelemetry-sdk-trace/1.53.0/opentelemetry-sdk-trace-1.53.0.pom
2025-09-16 22:16:56,778 [Worker-18: Building] INFO  o.e.m.c.i.e.AbstractTransferListenerAdapter - Downloading https://repo.maven.apache.org/maven2/io/opentelemetry/opentelemetry-sdk-metrics/1.53.0/opentelemetry-sdk-metrics-1.53.0.pom
2025-09-16 22:16:56,826 [Worker-18: Building] INFO  o.e.m.c.i.e.AbstractTransferListenerAdapter - Downloaded https://repo.maven.apache.org/maven2/io/opentelemetry/opentelemetry-sdk-metrics/1.53.0/opentelemetry-sdk-metrics-1.53.0.pom
2025-09-16 22:16:56,873 [Worker-18: Building] INFO  o.e.m.c.i.e.AbstractTransferListenerAdapter - Downloading https://repo.maven.apache.org/maven2/io/opentelemetry/opentelemetry-sdk-logs/1.53.0/opentelemetry-sdk-logs-1.53.0.pom
2025-09-16 22:16:56,927 [Worker-18: Building] INFO  o.e.m.c.i.e.AbstractTransferListenerAdapter - Downloaded https://repo.maven.apache.org/maven2/io/opentelemetry/opentelemetry-sdk-logs/1.53.0/opentelemetry-sdk-logs-1.53.0.pom
2025-09-16 22:16:56,989 [Worker-18: Building] INFO  o.e.m.c.i.e.AbstractTransferListenerAdapter - Downloading https://repo.maven.apache.org/maven2/io/opentelemetry/opentelemetry-sdk-extension-autoconfigure-spi/1.53.0/opentelemetry-sdk-extension-autoconfigure-spi-1.53.0.pom
2025-09-16 22:16:57,035 [Worker-18: Building] INFO  o.e.m.c.i.e.AbstractTransferListenerAdapter - Downloaded https://repo.maven.apache.org/maven2/io/opentelemetry/opentelemetry-sdk-extension-autoconfigure-spi/1.53.0/opentelemetry-sdk-extension-autoconfigure-spi-1.53.0.pom
2025-09-16 22:16:57,084 [Worker-18: Building] INFO  o.e.m.c.i.e.AbstractTransferListenerAdapter - Downloading https://repo.maven.apache.org/maven2/io/opentelemetry/opentelemetry-sdk-extension-autoconfigure/1.53.0/opentelemetry-sdk-extension-autoconfigure-1.53.0.pom
2025-09-16 22:16:57,137 [Worker-18: Building] INFO  o.e.m.c.i.e.AbstractTransferListenerAdapter - Downloaded https://repo.maven.apache.org/maven2/io/opentelemetry/opentelemetry-sdk-extension-autoconfigure/1.53.0/opentelemetry-sdk-extension-autoconfigure-1.53.0.pom
2025-09-16 22:16:57,190 [Worker-18: Building] INFO  o.e.m.c.i.e.AbstractTransferListenerAdapter - Downloading https://repo.maven.apache.org/maven2/net/bytebuddy/byte-buddy/1.17.6/byte-buddy-1.17.6.pom
2025-09-16 22:16:57,248 [Worker-18: Building] INFO  o.e.m.c.i.e.AbstractTransferListenerAdapter - Downloaded https://repo.maven.apache.org/maven2/net/bytebuddy/byte-buddy/1.17.6/byte-buddy-1.17.6.pom
2025-09-16 22:16:57,299 [Worker-18: Building] INFO  o.e.m.c.i.e.AbstractTransferListenerAdapter - Downloading https://repo.maven.apache.org/maven2/net/bytebuddy/byte-buddy-parent/1.17.6/byte-buddy-parent-1.17.6.pom
2025-09-16 22:16:57,398 [Worker-18: Building] INFO  o.e.m.c.i.e.AbstractTransferListenerAdapter - Downloaded https://repo.maven.apache.org/maven2/net/bytebuddy/byte-buddy-parent/1.17.6/byte-buddy-parent-1.17.6.pom
2025-09-16 22:16:57,459 [Worker-18: Building] INFO  o.e.m.c.i.e.AbstractTransferListenerAdapter - Downloading https://repo.maven.apache.org/maven2/org/seleniumhq/selenium/selenium-http/4.35.0/selenium-http-4.35.0.pom
2025-09-16 22:16:57,508 [Worker-18: Building] INFO  o.e.m.c.i.e.AbstractTransferListenerAdapter - Downloaded https://repo.maven.apache.org/maven2/org/seleniumhq/selenium/selenium-http/4.35.0/selenium-http-4.35.0.pom
2025-09-16 22:16:57,561 [Worker-18: Building] INFO  o.e.m.c.i.e.AbstractTransferListenerAdapter - Downloading https://repo.maven.apache.org/maven2/org/seleniumhq/selenium/selenium-manager/4.35.0/selenium-manager-4.35.0.pom
2025-09-16 22:16:57,613 [Worker-18: Building] INFO  o.e.m.c.i.e.AbstractTransferListenerAdapter - Downloaded https://repo.maven.apache.org/maven2/org/seleniumhq/selenium/selenium-manager/4.35.0/selenium-manager-4.35.0.pom
2025-09-16 22:16:57,666 [Worker-18: Building] INFO  o.e.m.c.i.e.AbstractTransferListenerAdapter - Downloading https://repo.maven.apache.org/maven2/org/seleniumhq/selenium/selenium-os/4.35.0/selenium-os-4.35.0.pom
2025-09-16 22:16:57,716 [Worker-18: Building] INFO  o.e.m.c.i.e.AbstractTransferListenerAdapter - Downloaded https://repo.maven.apache.org/maven2/org/seleniumhq/selenium/selenium-os/4.35.0/selenium-os-4.35.0.pom
2025-09-16 22:16:57,764 [Worker-18: Building] INFO  o.e.m.c.i.e.AbstractTransferListenerAdapter - Downloading https://repo.maven.apache.org/maven2/org/apache/commons/commons-exec/1.5.0/commons-exec-1.5.0.pom
2025-09-16 22:16:57,813 [Worker-18: Building] INFO  o.e.m.c.i.e.AbstractTransferListenerAdapter - Downloaded https://repo.maven.apache.org/maven2/org/apache/commons/commons-exec/1.5.0/commons-exec-1.5.0.pom
2025-09-16 22:16:57,861 [Worker-18: Building] INFO  o.e.m.c.i.e.AbstractTransferListenerAdapter - Downloading https://repo.maven.apache.org/maven2/org/apache/commons/commons-parent/83/commons-parent-83.pom
2025-09-16 22:16:57,928 [Worker-18: Building] INFO  o.e.m.c.i.e.AbstractTransferListenerAdapter - Downloaded https://repo.maven.apache.org/maven2/org/apache/commons/commons-parent/83/commons-parent-83.pom
2025-09-16 22:16:57,983 [Worker-18: Building] INFO  o.e.m.c.i.e.AbstractTransferListenerAdapter - Downloading https://repo.maven.apache.org/maven2/org/junit/junit-bom/5.12.2/junit-bom-5.12.2.pom
2025-09-16 22:16:58,032 [Worker-18: Building] INFO  o.e.m.c.i.e.AbstractTransferListenerAdapter - Downloaded https://repo.maven.apache.org/maven2/org/junit/junit-bom/5.12.2/junit-bom-5.12.2.pom
2025-09-16 22:16:58,082 [Worker-18: Building] INFO  o.e.m.c.i.e.AbstractTransferListenerAdapter - Downloading https://repo.maven.apache.org/maven2/org/seleniumhq/selenium/selenium-devtools-v137/4.35.0/selenium-devtools-v137-4.35.0.pom
2025-09-16 22:16:58,130 [Worker-18: Building] INFO  o.e.m.c.i.e.AbstractTransferListenerAdapter - Downloaded https://repo.maven.apache.org/maven2/org/seleniumhq/selenium/selenium-devtools-v137/4.35.0/selenium-devtools-v137-4.35.0.pom
2025-09-16 22:16:58,184 [Worker-18: Building] INFO  o.e.m.c.i.e.AbstractTransferListenerAdapter - Downloading https://repo.maven.apache.org/maven2/org/seleniumhq/selenium/selenium-devtools-v138/4.35.0/selenium-devtools-v138-4.35.0.pom
2025-09-16 22:16:58,231 [Worker-18: Building] INFO  o.e.m.c.i.e.AbstractTransferListenerAdapter - Downloaded https://repo.maven.apache.org/maven2/org/seleniumhq/selenium/selenium-devtools-v138/4.35.0/selenium-devtools-v138-4.35.0.pom
2025-09-16 22:16:58,280 [Worker-18: Building] INFO  o.e.m.c.i.e.AbstractTransferListenerAdapter - Downloading https://repo.maven.apache.org/maven2/org/seleniumhq/selenium/selenium-devtools-v139/4.35.0/selenium-devtools-v139-4.35.0.pom
2025-09-16 22:16:58,328 [Worker-18: Building] INFO  o.e.m.c.i.e.AbstractTransferListenerAdapter - Downloaded https://repo.maven.apache.org/maven2/org/seleniumhq/selenium/selenium-devtools-v139/4.35.0/selenium-devtools-v139-4.35.0.pom
2025-09-16 22:16:58,380 [Worker-18: Building] INFO  o.e.m.c.i.e.AbstractTransferListenerAdapter - Downloading https://repo.maven.apache.org/maven2/org/seleniumhq/selenium/selenium-edge-driver/4.35.0/selenium-edge-driver-4.35.0.pom
2025-09-16 22:16:58,430 [Worker-18: Building] INFO  o.e.m.c.i.e.AbstractTransferListenerAdapter - Downloaded https://repo.maven.apache.org/maven2/org/seleniumhq/selenium/selenium-edge-driver/4.35.0/selenium-edge-driver-4.35.0.pom
2025-09-16 22:16:58,479 [Worker-18: Building] INFO  o.e.m.c.i.e.AbstractTransferListenerAdapter - Downloading https://repo.maven.apache.org/maven2/org/seleniumhq/selenium/selenium-firefox-driver/4.35.0/selenium-firefox-driver-4.35.0.pom
2025-09-16 22:16:58,525 [Worker-18: Building] INFO  o.e.m.c.i.e.AbstractTransferListenerAdapter - Downloaded https://repo.maven.apache.org/maven2/org/seleniumhq/selenium/selenium-firefox-driver/4.35.0/selenium-firefox-driver-4.35.0.pom
2025-09-16 22:16:58,571 [Worker-18: Building] INFO  o.e.m.c.i.e.AbstractTransferListenerAdapter - Downloading https://repo.maven.apache.org/maven2/org/seleniumhq/selenium/selenium-ie-driver/4.35.0/selenium-ie-driver-4.35.0.pom
2025-09-16 22:16:58,623 [Worker-18: Building] INFO  o.e.m.c.i.e.AbstractTransferListenerAdapter - Downloaded https://repo.maven.apache.org/maven2/org/seleniumhq/selenium/selenium-ie-driver/4.35.0/selenium-ie-driver-4.35.0.pom
2025-09-16 22:16:58,673 [Worker-18: Building] INFO  o.e.m.c.i.e.AbstractTransferListenerAdapter - Downloading https://repo.maven.apache.org/maven2/org/seleniumhq/selenium/selenium-safari-driver/4.35.0/selenium-safari-driver-4.35.0.pom
2025-09-16 22:16:58,722 [Worker-18: Building] INFO  o.e.m.c.i.e.AbstractTransferListenerAdapter - Downloaded https://repo.maven.apache.org/maven2/org/seleniumhq/selenium/selenium-safari-driver/4.35.0/selenium-safari-driver-4.35.0.pom
2025-09-16 22:16:58,772 [Worker-18: Building] INFO  o.e.m.c.i.e.AbstractTransferListenerAdapter - Downloading https://repo.maven.apache.org/maven2/org/seleniumhq/selenium/selenium-support/4.35.0/selenium-support-4.35.0.pom
2025-09-16 22:16:58,824 [Worker-18: Building] INFO  o.e.m.c.i.e.AbstractTransferListenerAdapter - Downloaded https://repo.maven.apache.org/maven2/org/seleniumhq/selenium/selenium-support/4.35.0/selenium-support-4.35.0.pom
2025-09-16 22:16:58,904 [AetherRepositoryConnector-repo.maven.apache.org-0-0] INFO  o.e.m.c.i.e.AbstractTransferListenerAdapter - Downloading https://repo.maven.apache.org/maven2/org/seleniumhq/selenium/selenium-java/4.35.0/selenium-java-4.35.0.jar
2025-09-16 22:16:58,944 [AetherRepositoryConnector-repo.maven.apache.org-0-3] INFO  o.e.m.c.i.e.AbstractTransferListenerAdapter - Downloading https://repo.maven.apache.org/maven2/org/seleniumhq/selenium/selenium-chromium-driver/4.35.0/selenium-chromium-driver-4.35.0.jar
2025-09-16 22:16:58,947 [AetherRepositoryConnector-repo.maven.apache.org-0-1] INFO  o.e.m.c.i.e.AbstractTransferListenerAdapter - Downloading https://repo.maven.apache.org/maven2/org/seleniumhq/selenium/selenium-api/4.35.0/selenium-api-4.35.0.jar
2025-09-16 22:16:58,953 [AetherRepositoryConnector-repo.maven.apache.org-0-4] INFO  o.e.m.c.i.e.AbstractTransferListenerAdapter - Downloading https://repo.maven.apache.org/maven2/org/seleniumhq/selenium/selenium-json/4.35.0/selenium-json-4.35.0.jar
2025-09-16 22:16:58,953 [AetherRepositoryConnector-repo.maven.apache.org-0-2] INFO  o.e.m.c.i.e.AbstractTransferListenerAdapter - Downloading https://repo.maven.apache.org/maven2/org/seleniumhq/selenium/selenium-chrome-driver/4.35.0/selenium-chrome-driver-4.35.0.jar
2025-09-16 22:16:59,040 [AetherRepositoryConnector-repo.maven.apache.org-0-2] INFO  o.e.m.c.i.e.AbstractTransferListenerAdapter - Downloaded https://repo.maven.apache.org/maven2/org/seleniumhq/selenium/selenium-chrome-driver/4.35.0/selenium-chrome-driver-4.35.0.jar
2025-09-16 22:16:59,041 [AetherRepositoryConnector-repo.maven.apache.org-0-3] INFO  o.e.m.c.i.e.AbstractTransferListenerAdapter - Downloaded https://repo.maven.apache.org/maven2/org/seleniumhq/selenium/selenium-chromium-driver/4.35.0/selenium-chromium-driver-4.35.0.jar
2025-09-16 22:16:59,041 [AetherRepositoryConnector-repo.maven.apache.org-0-0] INFO  o.e.m.c.i.e.AbstractTransferListenerAdapter - Downloaded https://repo.maven.apache.org/maven2/org/seleniumhq/selenium/selenium-java/4.35.0/selenium-java-4.35.0.jar
2025-09-16 22:16:59,089 [AetherRepositoryConnector-repo.maven.apache.org-0-4] INFO  o.e.m.c.i.e.AbstractTransferListenerAdapter - Downloaded https://repo.maven.apache.org/maven2/org/seleniumhq/selenium/selenium-json/4.35.0/selenium-json-4.35.0.jar
2025-09-16 22:16:59,123 [AetherRepositoryConnector-repo.maven.apache.org-0-1] INFO  o.e.m.c.i.e.AbstractTransferListenerAdapter - Downloaded https://repo.maven.apache.org/maven2/org/seleniumhq/selenium/selenium-api/4.35.0/selenium-api-4.35.0.jar
2025-09-16 22:16:59,125 [AetherRepositoryConnector-repo.maven.apache.org-0-3] INFO  o.e.m.c.i.e.AbstractTransferListenerAdapter - Downloading https://repo.maven.apache.org/maven2/org/seleniumhq/selenium/selenium-devtools-v137/4.35.0/selenium-devtools-v137-4.35.0.jar
2025-09-16 22:16:59,182 [AetherRepositoryConnector-repo.maven.apache.org-0-0] INFO  o.e.m.c.i.e.AbstractTransferListenerAdapter - Downloading https://repo.maven.apache.org/maven2/org/seleniumhq/selenium/selenium-devtools-v138/4.35.0/selenium-devtools-v138-4.35.0.jar
2025-09-16 22:16:59,232 [AetherRepositoryConnector-repo.maven.apache.org-0-4] INFO  o.e.m.c.i.e.AbstractTransferListenerAdapter - Downloading https://repo.maven.apache.org/maven2/org/seleniumhq/selenium/selenium-devtools-v139/4.35.0/selenium-devtools-v139-4.35.0.jar
2025-09-16 22:16:59,232 [AetherRepositoryConnector-repo.maven.apache.org-0-2] INFO  o.e.m.c.i.e.AbstractTransferListenerAdapter - Downloading https://repo.maven.apache.org/maven2/org/seleniumhq/selenium/selenium-manager/4.35.0/selenium-manager-4.35.0.jar
2025-09-16 22:16:59,246 [AetherRepositoryConnector-repo.maven.apache.org-0-1] INFO  o.e.m.c.i.e.AbstractTransferListenerAdapter - Downloading https://repo.maven.apache.org/maven2/org/seleniumhq/selenium/selenium-edge-driver/4.35.0/selenium-edge-driver-4.35.0.jar
2025-09-16 22:16:59,357 [AetherRepositoryConnector-repo.maven.apache.org-0-1] INFO  o.e.m.c.i.e.AbstractTransferListenerAdapter - Downloaded https://repo.maven.apache.org/maven2/org/seleniumhq/selenium/selenium-edge-driver/4.35.0/selenium-edge-driver-4.35.0.jar
2025-09-16 22:16:59,631 [AetherRepositoryConnector-repo.maven.apache.org-0-1] INFO  o.e.m.c.i.e.AbstractTransferListenerAdapter - Downloading https://repo.maven.apache.org/maven2/org/seleniumhq/selenium/selenium-firefox-driver/4.35.0/selenium-firefox-driver-4.35.0.jar
2025-09-16 22:16:59,679 [AetherRepositoryConnector-repo.maven.apache.org-0-4] INFO  o.e.m.c.i.e.AbstractTransferListenerAdapter - Downloaded https://repo.maven.apache.org/maven2/org/seleniumhq/selenium/selenium-devtools-v139/4.35.0/selenium-devtools-v139-4.35.0.jar
2025-09-16 22:16:59,679 [AetherRepositoryConnector-repo.maven.apache.org-0-0] INFO  o.e.m.c.i.e.AbstractTransferListenerAdapter - Downloaded https://repo.maven.apache.org/maven2/org/seleniumhq/selenium/selenium-devtools-v138/4.35.0/selenium-devtools-v138-4.35.0.jar
2025-09-16 22:16:59,680 [AetherRepositoryConnector-repo.maven.apache.org-0-3] INFO  o.e.m.c.i.e.AbstractTransferListenerAdapter - Downloaded https://repo.maven.apache.org/maven2/org/seleniumhq/selenium/selenium-devtools-v137/4.35.0/selenium-devtools-v137-4.35.0.jar
2025-09-16 22:16:59,687 [AetherRepositoryConnector-repo.maven.apache.org-0-1] INFO  o.e.m.c.i.e.AbstractTransferListenerAdapter - Downloaded https://repo.maven.apache.org/maven2/org/seleniumhq/selenium/selenium-firefox-driver/4.35.0/selenium-firefox-driver-4.35.0.jar
2025-09-16 22:16:59,724 [AetherRepositoryConnector-repo.maven.apache.org-0-4] INFO  o.e.m.c.i.e.AbstractTransferListenerAdapter - Downloading https://repo.maven.apache.org/maven2/org/seleniumhq/selenium/selenium-http/4.35.0/selenium-http-4.35.0.jar
2025-09-16 22:16:59,725 [AetherRepositoryConnector-repo.maven.apache.org-0-0] INFO  o.e.m.c.i.e.AbstractTransferListenerAdapter - Downloading https://repo.maven.apache.org/maven2/org/seleniumhq/selenium/selenium-ie-driver/4.35.0/selenium-ie-driver-4.35.0.jar
2025-09-16 22:16:59,727 [AetherRepositoryConnector-repo.maven.apache.org-0-3] INFO  o.e.m.c.i.e.AbstractTransferListenerAdapter - Downloading https://repo.maven.apache.org/maven2/org/seleniumhq/selenium/selenium-remote-driver/4.35.0/selenium-remote-driver-4.35.0.jar
2025-09-16 22:16:59,759 [AetherRepositoryConnector-repo.maven.apache.org-0-1] INFO  o.e.m.c.i.e.AbstractTransferListenerAdapter - Downloading https://repo.maven.apache.org/maven2/io/opentelemetry/opentelemetry-api/1.53.0/opentelemetry-api-1.53.0.jar
2025-09-16 22:16:59,764 [AetherRepositoryConnector-repo.maven.apache.org-0-2] INFO  o.e.m.c.i.e.AbstractTransferListenerAdapter - Downloaded https://repo.maven.apache.org/maven2/org/seleniumhq/selenium/selenium-manager/4.35.0/selenium-manager-4.35.0.jar
2025-09-16 22:16:59,780 [AetherRepositoryConnector-repo.maven.apache.org-0-4] INFO  o.e.m.c.i.e.AbstractTransferListenerAdapter - Downloaded https://repo.maven.apache.org/maven2/org/seleniumhq/selenium/selenium-http/4.35.0/selenium-http-4.35.0.jar
2025-09-16 22:16:59,780 [AetherRepositoryConnector-repo.maven.apache.org-0-0] INFO  o.e.m.c.i.e.AbstractTransferListenerAdapter - Downloaded https://repo.maven.apache.org/maven2/org/seleniumhq/selenium/selenium-ie-driver/4.35.0/selenium-ie-driver-4.35.0.jar
2025-09-16 22:16:59,800 [AetherRepositoryConnector-repo.maven.apache.org-0-3] INFO  o.e.m.c.i.e.AbstractTransferListenerAdapter - Downloaded https://repo.maven.apache.org/maven2/org/seleniumhq/selenium/selenium-remote-driver/4.35.0/selenium-remote-driver-4.35.0.jar
2025-09-16 22:16:59,809 [AetherRepositoryConnector-repo.maven.apache.org-0-2] INFO  o.e.m.c.i.e.AbstractTransferListenerAdapter - Downloading https://repo.maven.apache.org/maven2/io/opentelemetry/opentelemetry-context/1.53.0/opentelemetry-context-1.53.0.jar
2025-09-16 22:16:59,819 [AetherRepositoryConnector-repo.maven.apache.org-0-1] INFO  o.e.m.c.i.e.AbstractTransferListenerAdapter - Downloaded https://repo.maven.apache.org/maven2/io/opentelemetry/opentelemetry-api/1.53.0/opentelemetry-api-1.53.0.jar
2025-09-16 22:16:59,837 [AetherRepositoryConnector-repo.maven.apache.org-0-0] INFO  o.e.m.c.i.e.AbstractTransferListenerAdapter - Downloading https://repo.maven.apache.org/maven2/io/opentelemetry/opentelemetry-common/1.53.0/opentelemetry-common-1.53.0.jar
2025-09-16 22:16:59,845 [AetherRepositoryConnector-repo.maven.apache.org-0-4] INFO  o.e.m.c.i.e.AbstractTransferListenerAdapter - Downloading https://repo.maven.apache.org/maven2/io/opentelemetry/opentelemetry-exporter-logging/1.53.0/opentelemetry-exporter-logging-1.53.0.jar
2025-09-16 22:16:59,848 [AetherRepositoryConnector-repo.maven.apache.org-0-3] INFO  o.e.m.c.i.e.AbstractTransferListenerAdapter - Downloading https://repo.maven.apache.org/maven2/io/opentelemetry/opentelemetry-sdk-common/1.53.0/opentelemetry-sdk-common-1.53.0.jar
2025-09-16 22:16:59,857 [AetherRepositoryConnector-repo.maven.apache.org-0-2] INFO  o.e.m.c.i.e.AbstractTransferListenerAdapter - Downloaded https://repo.maven.apache.org/maven2/io/opentelemetry/opentelemetry-context/1.53.0/opentelemetry-context-1.53.0.jar
2025-09-16 22:16:59,877 [AetherRepositoryConnector-repo.maven.apache.org-0-1] INFO  o.e.m.c.i.e.AbstractTransferListenerAdapter - Downloading https://repo.maven.apache.org/maven2/io/opentelemetry/opentelemetry-sdk-extension-autoconfigure-spi/1.53.0/opentelemetry-sdk-extension-autoconfigure-spi-1.53.0.jar
2025-09-16 22:16:59,889 [AetherRepositoryConnector-repo.maven.apache.org-0-0] INFO  o.e.m.c.i.e.AbstractTransferListenerAdapter - Downloaded https://repo.maven.apache.org/maven2/io/opentelemetry/opentelemetry-common/1.53.0/opentelemetry-common-1.53.0.jar
2025-09-16 22:16:59,897 [AetherRepositoryConnector-repo.maven.apache.org-0-4] INFO  o.e.m.c.i.e.AbstractTransferListenerAdapter - Downloaded https://repo.maven.apache.org/maven2/io/opentelemetry/opentelemetry-exporter-logging/1.53.0/opentelemetry-exporter-logging-1.53.0.jar
2025-09-16 22:16:59,899 [AetherRepositoryConnector-repo.maven.apache.org-0-3] INFO  o.e.m.c.i.e.AbstractTransferListenerAdapter - Downloaded https://repo.maven.apache.org/maven2/io/opentelemetry/opentelemetry-sdk-common/1.53.0/opentelemetry-sdk-common-1.53.0.jar
2025-09-16 22:16:59,917 [AetherRepositoryConnector-repo.maven.apache.org-0-2] INFO  o.e.m.c.i.e.AbstractTransferListenerAdapter - Downloading https://repo.maven.apache.org/maven2/io/opentelemetry/opentelemetry-sdk-extension-autoconfigure/1.53.0/opentelemetry-sdk-extension-autoconfigure-1.53.0.jar
2025-09-16 22:16:59,933 [AetherRepositoryConnector-repo.maven.apache.org-0-1] INFO  o.e.m.c.i.e.AbstractTransferListenerAdapter - Downloaded https://repo.maven.apache.org/maven2/io/opentelemetry/opentelemetry-sdk-extension-autoconfigure-spi/1.53.0/opentelemetry-sdk-extension-autoconfigure-spi-1.53.0.jar
2025-09-16 22:16:59,935 [AetherRepositoryConnector-repo.maven.apache.org-0-0] INFO  o.e.m.c.i.e.AbstractTransferListenerAdapter - Downloading https://repo.maven.apache.org/maven2/io/opentelemetry/opentelemetry-sdk-trace/1.53.0/opentelemetry-sdk-trace-1.53.0.jar
2025-09-16 22:16:59,959 [AetherRepositoryConnector-repo.maven.apache.org-0-4] INFO  o.e.m.c.i.e.AbstractTransferListenerAdapter - Downloading https://repo.maven.apache.org/maven2/io/opentelemetry/opentelemetry-sdk/1.53.0/opentelemetry-sdk-1.53.0.jar
2025-09-16 22:16:59,959 [AetherRepositoryConnector-repo.maven.apache.org-0-3] INFO  o.e.m.c.i.e.AbstractTransferListenerAdapter - Downloading https://repo.maven.apache.org/maven2/io/opentelemetry/opentelemetry-sdk-metrics/1.53.0/opentelemetry-sdk-metrics-1.53.0.jar
2025-09-16 22:16:59,970 [AetherRepositoryConnector-repo.maven.apache.org-0-2] INFO  o.e.m.c.i.e.AbstractTransferListenerAdapter - Downloaded https://repo.maven.apache.org/maven2/io/opentelemetry/opentelemetry-sdk-extension-autoconfigure/1.53.0/opentelemetry-sdk-extension-autoconfigure-1.53.0.jar
2025-09-16 22:16:59,979 [AetherRepositoryConnector-repo.maven.apache.org-0-1] INFO  o.e.m.c.i.e.AbstractTransferListenerAdapter - Downloading https://repo.maven.apache.org/maven2/io/opentelemetry/opentelemetry-sdk-logs/1.53.0/opentelemetry-sdk-logs-1.53.0.jar
2025-09-16 22:16:59,999 [AetherRepositoryConnector-repo.maven.apache.org-0-0] INFO  o.e.m.c.i.e.AbstractTransferListenerAdapter - Downloaded https://repo.maven.apache.org/maven2/io/opentelemetry/opentelemetry-sdk-trace/1.53.0/opentelemetry-sdk-trace-1.53.0.jar
2025-09-16 22:17:00,011 [AetherRepositoryConnector-repo.maven.apache.org-0-4] INFO  o.e.m.c.i.e.AbstractTransferListenerAdapter - Downloaded https://repo.maven.apache.org/maven2/io/opentelemetry/opentelemetry-sdk/1.53.0/opentelemetry-sdk-1.53.0.jar
2025-09-16 22:17:00,030 [AetherRepositoryConnector-repo.maven.apache.org-0-2] INFO  o.e.m.c.i.e.AbstractTransferListenerAdapter - Downloading https://repo.maven.apache.org/maven2/net/bytebuddy/byte-buddy/1.17.6/byte-buddy-1.17.6.jar
2025-09-16 22:17:00,033 [AetherRepositoryConnector-repo.maven.apache.org-0-3] INFO  o.e.m.c.i.e.AbstractTransferListenerAdapter - Downloaded https://repo.maven.apache.org/maven2/io/opentelemetry/opentelemetry-sdk-metrics/1.53.0/opentelemetry-sdk-metrics-1.53.0.jar
2025-09-16 22:17:00,399 [AetherRepositoryConnector-repo.maven.apache.org-0-1] INFO  o.e.m.c.i.e.AbstractTransferListenerAdapter - Downloaded https://repo.maven.apache.org/maven2/io/opentelemetry/opentelemetry-sdk-logs/1.53.0/opentelemetry-sdk-logs-1.53.0.jar
2025-09-16 22:17:00,722 [AetherRepositoryConnector-repo.maven.apache.org-0-0] INFO  o.e.m.c.i.e.AbstractTransferListenerAdapter - Downloading https://repo.maven.apache.org/maven2/org/seleniumhq/selenium/selenium-os/4.35.0/selenium-os-4.35.0.jar
2025-09-16 22:17:00,788 [AetherRepositoryConnector-repo.maven.apache.org-0-4] INFO  o.e.m.c.i.e.AbstractTransferListenerAdapter - Downloading https://repo.maven.apache.org/maven2/org/apache/commons/commons-exec/1.5.0/commons-exec-1.5.0.jar
2025-09-16 22:17:00,789 [AetherRepositoryConnector-repo.maven.apache.org-0-3] INFO  o.e.m.c.i.e.AbstractTransferListenerAdapter - Downloading https://repo.maven.apache.org/maven2/org/seleniumhq/selenium/selenium-safari-driver/4.35.0/selenium-safari-driver-4.35.0.jar
2025-09-16 22:17:00,791 [AetherRepositoryConnector-repo.maven.apache.org-0-1] INFO  o.e.m.c.i.e.AbstractTransferListenerAdapter - Downloading https://repo.maven.apache.org/maven2/org/seleniumhq/selenium/selenium-support/4.35.0/selenium-support-4.35.0.jar
2025-09-16 22:17:00,802 [AetherRepositoryConnector-repo.maven.apache.org-0-0] INFO  o.e.m.c.i.e.AbstractTransferListenerAdapter - Downloaded https://repo.maven.apache.org/maven2/org/seleniumhq/selenium/selenium-os/4.35.0/selenium-os-4.35.0.jar
2025-09-16 22:17:00,846 [AetherRepositoryConnector-repo.maven.apache.org-0-3] INFO  o.e.m.c.i.e.AbstractTransferListenerAdapter - Downloaded https://repo.maven.apache.org/maven2/org/seleniumhq/selenium/selenium-safari-driver/4.35.0/selenium-safari-driver-4.35.0.jar
2025-09-16 22:17:00,846 [AetherRepositoryConnector-repo.maven.apache.org-0-4] INFO  o.e.m.c.i.e.AbstractTransferListenerAdapter - Downloaded https://repo.maven.apache.org/maven2/org/apache/commons/commons-exec/1.5.0/commons-exec-1.5.0.jar
2025-09-16 22:17:00,884 [AetherRepositoryConnector-repo.maven.apache.org-0-2] INFO  o.e.m.c.i.e.AbstractTransferListenerAdapter - Downloaded https://repo.maven.apache.org/maven2/net/bytebuddy/byte-buddy/1.17.6/byte-buddy-1.17.6.jar
2025-09-16 22:17:00,885 [AetherRepositoryConnector-repo.maven.apache.org-0-1] INFO  o.e.m.c.i.e.AbstractTransferListenerAdapter - Downloaded https://repo.maven.apache.org/maven2/org/seleniumhq/selenium/selenium-support/4.35.0/selenium-support-4.35.0.jar
2025-09-16 22:17:01,250 [Worker-18: Building] WARN  o.a.m.s.f.DefaultMavenResourcesFiltering - Using platform encoding (UTF-8 actually) to copy filtered resources, i.e. build is platform dependent!
2025-09-16 22:17:01,251 [Worker-18: Building] INFO  o.a.m.s.f.DefaultMavenResourcesFiltering - skip non existing resourceDirectory C:\Users\ip-slim-3\eclipse-workspacenew-July25\selenium-maven-project\src\main\resources
2025-09-16 22:17:01,255 [Worker-18: Building] WARN  o.a.m.s.f.DefaultMavenResourcesFiltering - Using platform encoding (UTF-8 actually) to copy filtered resources, i.e. build is platform dependent!
2025-09-16 22:17:01,257 [Worker-18: Building] INFO  o.a.m.s.f.DefaultMavenResourcesFiltering - skip non existing resourceDirectory C:\Users\ip-slim-3\eclipse-workspacenew-July25\selenium-maven-project\src\test\resources
2025-09-16 22:17:02,295 [Worker-22: Download sources and javadoc] INFO  o.e.m.c.i.e.AbstractTransferListenerAdapter - Downloading https://repo.maven.apache.org/maven2/org/seleniumhq/selenium/selenium-java/4.35.0/selenium-java-4.35.0-sources.jar
2025-09-16 22:17:02,399 [Worker-22: Download sources and javadoc] INFO  o.e.m.c.i.e.AbstractTransferListenerAdapter - Downloaded https://repo.maven.apache.org/maven2/org/seleniumhq/selenium/selenium-java/4.35.0/selenium-java-4.35.0-sources.jar
2025-09-16 22:17:02,404 [Worker-22: Download sources and javadoc] INFO  o.e.m.j.internal.DownloadSourcesJob - Downloaded sources for org.seleniumhq.selenium:selenium-java:4.35.0
2025-09-16 22:17:02,607 [Worker-22: Download sources and javadoc] INFO  o.e.m.c.i.e.AbstractTransferListenerAdapter - Downloading https://repo.maven.apache.org/maven2/org/seleniumhq/selenium/selenium-api/4.35.0/selenium-api-4.35.0-sources.jar
2025-09-16 22:17:02,830 [Worker-22: Download sources and javadoc] INFO  o.e.m.c.i.e.AbstractTransferListenerAdapter - Downloaded https://repo.maven.apache.org/maven2/org/seleniumhq/selenium/selenium-api/4.35.0/selenium-api-4.35.0-sources.jar
2025-09-16 22:17:02,836 [Worker-22: Download sources and javadoc] INFO  o.e.m.j.internal.DownloadSourcesJob - Downloaded sources for org.seleniumhq.selenium:selenium-api:4.35.0
2025-09-16 22:17:03,158 [Worker-22: Download sources and javadoc] INFO  o.e.m.c.i.e.AbstractTransferListenerAdapter - Downloading https://repo.maven.apache.org/maven2/org/seleniumhq/selenium/selenium-chrome-driver/4.35.0/selenium-chrome-driver-4.35.0-sources.jar
2025-09-16 22:17:03,267 [Worker-22: Download sources and javadoc] INFO  o.e.m.c.i.e.AbstractTransferListenerAdapter - Downloaded https://repo.maven.apache.org/maven2/org/seleniumhq/selenium/selenium-chrome-driver/4.35.0/selenium-chrome-driver-4.35.0-sources.jar
2025-09-16 22:17:03,272 [Worker-22: Download sources and javadoc] INFO  o.e.m.j.internal.DownloadSourcesJob - Downloaded sources for org.seleniumhq.selenium:selenium-chrome-driver:4.35.0
2025-09-16 22:17:03,620 [Worker-22: Download sources and javadoc] INFO  o.e.m.c.i.e.AbstractTransferListenerAdapter - Downloading https://repo.maven.apache.org/maven2/org/seleniumhq/selenium/selenium-chromium-driver/4.35.0/selenium-chromium-driver-4.35.0-sources.jar
2025-09-16 22:17:03,754 [Worker-22: Download sources and javadoc] INFO  o.e.m.c.i.e.AbstractTransferListenerAdapter - Downloaded https://repo.maven.apache.org/maven2/org/seleniumhq/selenium/selenium-chromium-driver/4.35.0/selenium-chromium-driver-4.35.0-sources.jar
2025-09-16 22:17:03,760 [Worker-22: Download sources and javadoc] INFO  o.e.m.j.internal.DownloadSourcesJob - Downloaded sources for org.seleniumhq.selenium:selenium-chromium-driver:4.35.0
2025-09-16 22:17:03,979 [Worker-22: Download sources and javadoc] INFO  o.e.m.c.i.e.AbstractTransferListenerAdapter - Downloading https://repo.maven.apache.org/maven2/org/seleniumhq/selenium/selenium-json/4.35.0/selenium-json-4.35.0-sources.jar
2025-09-16 22:17:04,095 [Worker-22: Download sources and javadoc] INFO  o.e.m.c.i.e.AbstractTransferListenerAdapter - Downloaded https://repo.maven.apache.org/maven2/org/seleniumhq/selenium/selenium-json/4.35.0/selenium-json-4.35.0-sources.jar
2025-09-16 22:17:04,101 [Worker-22: Download sources and javadoc] INFO  o.e.m.j.internal.DownloadSourcesJob - Downloaded sources for org.seleniumhq.selenium:selenium-json:4.35.0
2025-09-16 22:17:04,361 [Worker-22: Download sources and javadoc] INFO  o.e.m.c.i.e.AbstractTransferListenerAdapter - Downloading https://repo.maven.apache.org/maven2/org/seleniumhq/selenium/selenium-manager/4.35.0/selenium-manager-4.35.0-sources.jar
2025-09-16 22:17:04,484 [Worker-22: Download sources and javadoc] INFO  o.e.m.c.i.e.AbstractTransferListenerAdapter - Downloaded https://repo.maven.apache.org/maven2/org/seleniumhq/selenium/selenium-manager/4.35.0/selenium-manager-4.35.0-sources.jar
2025-09-16 22:17:04,488 [Worker-22: Download sources and javadoc] INFO  o.e.m.j.internal.DownloadSourcesJob - Downloaded sources for org.seleniumhq.selenium:selenium-manager:4.35.0
2025-09-16 22:17:04,720 [Worker-22: Download sources and javadoc] INFO  o.e.m.c.i.e.AbstractTransferListenerAdapter - Downloading https://repo.maven.apache.org/maven2/org/seleniumhq/selenium/selenium-devtools-v137/4.35.0/selenium-devtools-v137-4.35.0-sources.jar
2025-09-16 22:17:05,030 [Worker-22: Download sources and javadoc] INFO  o.e.m.c.i.e.AbstractTransferListenerAdapter - Downloaded https://repo.maven.apache.org/maven2/org/seleniumhq/selenium/selenium-devtools-v137/4.35.0/selenium-devtools-v137-4.35.0-sources.jar
2025-09-16 22:17:05,034 [Worker-22: Download sources and javadoc] INFO  o.e.m.j.internal.DownloadSourcesJob - Downloaded sources for org.seleniumhq.selenium:selenium-devtools-v137:4.35.0
2025-09-16 22:17:05,239 [Worker-22: Download sources and javadoc] INFO  o.e.m.c.i.e.AbstractTransferListenerAdapter - Downloading https://repo.maven.apache.org/maven2/org/seleniumhq/selenium/selenium-devtools-v138/4.35.0/selenium-devtools-v138-4.35.0-sources.jar
2025-09-16 22:17:05,502 [Worker-22: Download sources and javadoc] INFO  o.e.m.c.i.e.AbstractTransferListenerAdapter - Downloaded https://repo.maven.apache.org/maven2/org/seleniumhq/selenium/selenium-devtools-v138/4.35.0/selenium-devtools-v138-4.35.0-sources.jar
2025-09-16 22:17:05,507 [Worker-22: Download sources and javadoc] INFO  o.e.m.j.internal.DownloadSourcesJob - Downloaded sources for org.seleniumhq.selenium:selenium-devtools-v138:4.35.0
2025-09-16 22:17:05,728 [Worker-22: Download sources and javadoc] INFO  o.e.m.c.i.e.AbstractTransferListenerAdapter - Downloading https://repo.maven.apache.org/maven2/org/seleniumhq/selenium/selenium-devtools-v139/4.35.0/selenium-devtools-v139-4.35.0-sources.jar
2025-09-16 22:17:06,030 [Worker-22: Download sources and javadoc] INFO  o.e.m.c.i.e.AbstractTransferListenerAdapter - Downloaded https://repo.maven.apache.org/maven2/org/seleniumhq/selenium/selenium-devtools-v139/4.35.0/selenium-devtools-v139-4.35.0-sources.jar
2025-09-16 22:17:06,034 [Worker-22: Download sources and javadoc] INFO  o.e.m.j.internal.DownloadSourcesJob - Downloaded sources for org.seleniumhq.selenium:selenium-devtools-v139:4.35.0
2025-09-16 22:17:06,250 [Worker-22: Download sources and javadoc] INFO  o.e.m.c.i.e.AbstractTransferListenerAdapter - Downloading https://repo.maven.apache.org/maven2/org/seleniumhq/selenium/selenium-edge-driver/4.35.0/selenium-edge-driver-4.35.0-sources.jar
2025-09-16 22:17:06,365 [Worker-22: Download sources and javadoc] INFO  o.e.m.c.i.e.AbstractTransferListenerAdapter - Downloaded https://repo.maven.apache.org/maven2/org/seleniumhq/selenium/selenium-edge-driver/4.35.0/selenium-edge-driver-4.35.0-sources.jar
2025-09-16 22:17:06,370 [Worker-22: Download sources and javadoc] INFO  o.e.m.j.internal.DownloadSourcesJob - Downloaded sources for org.seleniumhq.selenium:selenium-edge-driver:4.35.0
2025-09-16 22:17:06,561 [Worker-22: Download sources and javadoc] INFO  o.e.m.c.i.e.AbstractTransferListenerAdapter - Downloading https://repo.maven.apache.org/maven2/org/seleniumhq/selenium/selenium-firefox-driver/4.35.0/selenium-firefox-driver-4.35.0-sources.jar
2025-09-16 22:17:06,652 [Worker-22: Download sources and javadoc] INFO  o.e.m.c.i.e.AbstractTransferListenerAdapter - Downloaded https://repo.maven.apache.org/maven2/org/seleniumhq/selenium/selenium-firefox-driver/4.35.0/selenium-firefox-driver-4.35.0-sources.jar
2025-09-16 22:17:06,655 [Worker-22: Download sources and javadoc] INFO  o.e.m.j.internal.DownloadSourcesJob - Downloaded sources for org.seleniumhq.selenium:selenium-firefox-driver:4.35.0
2025-09-16 22:17:06,881 [Worker-22: Download sources and javadoc] INFO  o.e.m.c.i.e.AbstractTransferListenerAdapter - Downloading https://repo.maven.apache.org/maven2/org/seleniumhq/selenium/selenium-http/4.35.0/selenium-http-4.35.0-sources.jar
2025-09-16 22:17:06,995 [Worker-22: Download sources and javadoc] INFO  o.e.m.c.i.e.AbstractTransferListenerAdapter - Downloaded https://repo.maven.apache.org/maven2/org/seleniumhq/selenium/selenium-http/4.35.0/selenium-http-4.35.0-sources.jar
2025-09-16 22:17:07,001 [Worker-22: Download sources and javadoc] INFO  o.e.m.j.internal.DownloadSourcesJob - Downloaded sources for org.seleniumhq.selenium:selenium-http:4.35.0
2025-09-16 22:17:07,243 [Worker-22: Download sources and javadoc] INFO  o.e.m.c.i.e.AbstractTransferListenerAdapter - Downloading https://repo.maven.apache.org/maven2/org/seleniumhq/selenium/selenium-ie-driver/4.35.0/selenium-ie-driver-4.35.0-sources.jar
2025-09-16 22:17:07,349 [Worker-22: Download sources and javadoc] INFO  o.e.m.c.i.e.AbstractTransferListenerAdapter - Downloaded https://repo.maven.apache.org/maven2/org/seleniumhq/selenium/selenium-ie-driver/4.35.0/selenium-ie-driver-4.35.0-sources.jar
2025-09-16 22:17:07,352 [Worker-22: Download sources and javadoc] INFO  o.e.m.j.internal.DownloadSourcesJob - Downloaded sources for org.seleniumhq.selenium:selenium-ie-driver:4.35.0
2025-09-16 22:17:07,591 [Worker-22: Download sources and javadoc] INFO  o.e.m.c.i.e.AbstractTransferListenerAdapter - Downloading https://repo.maven.apache.org/maven2/org/seleniumhq/selenium/selenium-remote-driver/4.35.0/selenium-remote-driver-4.35.0-sources.jar
2025-09-16 22:17:07,833 [Worker-22: Download sources and javadoc] INFO  o.e.m.c.i.e.AbstractTransferListenerAdapter - Downloaded https://repo.maven.apache.org/maven2/org/seleniumhq/selenium/selenium-remote-driver/4.35.0/selenium-remote-driver-4.35.0-sources.jar
2025-09-16 22:17:07,835 [Worker-22: Download sources and javadoc] INFO  o.e.m.j.internal.DownloadSourcesJob - Downloaded sources for org.seleniumhq.selenium:selenium-remote-driver:4.35.0
2025-09-16 22:17:08,020 [Worker-22: Download sources and javadoc] INFO  o.e.m.c.i.e.AbstractTransferListenerAdapter - Downloading https://repo.maven.apache.org/maven2/io/opentelemetry/opentelemetry-api/1.53.0/opentelemetry-api-1.53.0-sources.jar
2025-09-16 22:17:08,156 [Worker-22: Download sources and javadoc] INFO  o.e.m.c.i.e.AbstractTransferListenerAdapter - Downloaded https://repo.maven.apache.org/maven2/io/opentelemetry/opentelemetry-api/1.53.0/opentelemetry-api-1.53.0-sources.jar
2025-09-16 22:17:08,159 [Worker-22: Download sources and javadoc] INFO  o.e.m.j.internal.DownloadSourcesJob - Downloaded sources for io.opentelemetry:opentelemetry-api:1.53.0
2025-09-16 22:17:08,364 [Worker-22: Download sources and javadoc] INFO  o.e.m.c.i.e.AbstractTransferListenerAdapter - Downloading https://repo.maven.apache.org/maven2/io/opentelemetry/opentelemetry-context/1.53.0/opentelemetry-context-1.53.0-sources.jar
2025-09-16 22:17:08,474 [Worker-22: Download sources and javadoc] INFO  o.e.m.c.i.e.AbstractTransferListenerAdapter - Downloaded https://repo.maven.apache.org/maven2/io/opentelemetry/opentelemetry-context/1.53.0/opentelemetry-context-1.53.0-sources.jar
2025-09-16 22:17:08,480 [Worker-22: Download sources and javadoc] INFO  o.e.m.j.internal.DownloadSourcesJob - Downloaded sources for io.opentelemetry:opentelemetry-context:1.53.0
2025-09-16 22:17:08,678 [Worker-22: Download sources and javadoc] INFO  o.e.m.c.i.e.AbstractTransferListenerAdapter - Downloading https://repo.maven.apache.org/maven2/io/opentelemetry/opentelemetry-common/1.53.0/opentelemetry-common-1.53.0-sources.jar
2025-09-16 22:17:08,771 [Worker-22: Download sources and javadoc] INFO  o.e.m.c.i.e.AbstractTransferListenerAdapter - Downloaded https://repo.maven.apache.org/maven2/io/opentelemetry/opentelemetry-common/1.53.0/opentelemetry-common-1.53.0-sources.jar
2025-09-16 22:17:08,777 [Worker-22: Download sources and javadoc] INFO  o.e.m.j.internal.DownloadSourcesJob - Downloaded sources for io.opentelemetry:opentelemetry-common:1.53.0
2025-09-16 22:17:08,970 [Worker-22: Download sources and javadoc] INFO  o.e.m.c.i.e.AbstractTransferListenerAdapter - Downloading https://repo.maven.apache.org/maven2/io/opentelemetry/opentelemetry-exporter-logging/1.53.0/opentelemetry-exporter-logging-1.53.0-sources.jar
2025-09-16 22:17:09,065 [Worker-22: Download sources and javadoc] INFO  o.e.m.c.i.e.AbstractTransferListenerAdapter - Downloaded https://repo.maven.apache.org/maven2/io/opentelemetry/opentelemetry-exporter-logging/1.53.0/opentelemetry-exporter-logging-1.53.0-sources.jar
2025-09-16 22:17:09,069 [Worker-22: Download sources and javadoc] INFO  o.e.m.j.internal.DownloadSourcesJob - Downloaded sources for io.opentelemetry:opentelemetry-exporter-logging:1.53.0
2025-09-16 22:17:09,249 [Worker-22: Download sources and javadoc] INFO  o.e.m.c.i.e.AbstractTransferListenerAdapter - Downloading https://repo.maven.apache.org/maven2/io/opentelemetry/opentelemetry-sdk-common/1.53.0/opentelemetry-sdk-common-1.53.0-sources.jar
2025-09-16 22:17:09,333 [Worker-22: Download sources and javadoc] INFO  o.e.m.c.i.e.AbstractTransferListenerAdapter - Downloaded https://repo.maven.apache.org/maven2/io/opentelemetry/opentelemetry-sdk-common/1.53.0/opentelemetry-sdk-common-1.53.0-sources.jar
2025-09-16 22:17:09,335 [Worker-22: Download sources and javadoc] INFO  o.e.m.j.internal.DownloadSourcesJob - Downloaded sources for io.opentelemetry:opentelemetry-sdk-common:1.53.0
2025-09-16 22:17:09,538 [Worker-22: Download sources and javadoc] INFO  o.e.m.c.i.e.AbstractTransferListenerAdapter - Downloading https://repo.maven.apache.org/maven2/io/opentelemetry/opentelemetry-sdk-extension-autoconfigure-spi/1.53.0/opentelemetry-sdk-extension-autoconfigure-spi-1.53.0-sources.jar
2025-09-16 22:17:09,635 [Worker-22: Download sources and javadoc] INFO  o.e.m.c.i.e.AbstractTransferListenerAdapter - Downloaded https://repo.maven.apache.org/maven2/io/opentelemetry/opentelemetry-sdk-extension-autoconfigure-spi/1.53.0/opentelemetry-sdk-extension-autoconfigure-spi-1.53.0-sources.jar
2025-09-16 22:17:09,638 [Worker-22: Download sources and javadoc] INFO  o.e.m.j.internal.DownloadSourcesJob - Downloaded sources for io.opentelemetry:opentelemetry-sdk-extension-autoconfigure-spi:1.53.0
2025-09-16 22:17:09,840 [Worker-22: Download sources and javadoc] INFO  o.e.m.c.i.e.AbstractTransferListenerAdapter - Downloading https://repo.maven.apache.org/maven2/io/opentelemetry/opentelemetry-sdk-extension-autoconfigure/1.53.0/opentelemetry-sdk-extension-autoconfigure-1.53.0-sources.jar
2025-09-16 22:17:09,936 [Worker-22: Download sources and javadoc] INFO  o.e.m.c.i.e.AbstractTransferListenerAdapter - Downloaded https://repo.maven.apache.org/maven2/io/opentelemetry/opentelemetry-sdk-extension-autoconfigure/1.53.0/opentelemetry-sdk-extension-autoconfigure-1.53.0-sources.jar
2025-09-16 22:17:09,939 [Worker-22: Download sources and javadoc] INFO  o.e.m.j.internal.DownloadSourcesJob - Downloaded sources for io.opentelemetry:opentelemetry-sdk-extension-autoconfigure:1.53.0
2025-09-16 22:17:10,125 [Worker-22: Download sources and javadoc] INFO  o.e.m.c.i.e.AbstractTransferListenerAdapter - Downloading https://repo.maven.apache.org/maven2/io/opentelemetry/opentelemetry-sdk-trace/1.53.0/opentelemetry-sdk-trace-1.53.0-sources.jar
2025-09-16 22:17:10,234 [Worker-22: Download sources and javadoc] INFO  o.e.m.c.i.e.AbstractTransferListenerAdapter - Downloaded https://repo.maven.apache.org/maven2/io/opentelemetry/opentelemetry-sdk-trace/1.53.0/opentelemetry-sdk-trace-1.53.0-sources.jar
2025-09-16 22:17:10,237 [Worker-22: Download sources and javadoc] INFO  o.e.m.j.internal.DownloadSourcesJob - Downloaded sources for io.opentelemetry:opentelemetry-sdk-trace:1.53.0
2025-09-16 22:17:10,466 [Worker-22: Download sources and javadoc] INFO  o.e.m.c.i.e.AbstractTransferListenerAdapter - Downloading https://repo.maven.apache.org/maven2/io/opentelemetry/opentelemetry-sdk/1.53.0/opentelemetry-sdk-1.53.0-sources.jar
2025-09-16 22:17:10,584 [Worker-22: Download sources and javadoc] INFO  o.e.m.c.i.e.AbstractTransferListenerAdapter - Downloaded https://repo.maven.apache.org/maven2/io/opentelemetry/opentelemetry-sdk/1.53.0/opentelemetry-sdk-1.53.0-sources.jar
2025-09-16 22:17:10,589 [Worker-22: Download sources and javadoc] INFO  o.e.m.j.internal.DownloadSourcesJob - Downloaded sources for io.opentelemetry:opentelemetry-sdk:1.53.0
2025-09-16 22:17:10,795 [Worker-22: Download sources and javadoc] INFO  o.e.m.c.i.e.AbstractTransferListenerAdapter - Downloading https://repo.maven.apache.org/maven2/io/opentelemetry/opentelemetry-sdk-metrics/1.53.0/opentelemetry-sdk-metrics-1.53.0-sources.jar
2025-09-16 22:17:11,000 [Worker-22: Download sources and javadoc] INFO  o.e.m.c.i.e.AbstractTransferListenerAdapter - Downloaded https://repo.maven.apache.org/maven2/io/opentelemetry/opentelemetry-sdk-metrics/1.53.0/opentelemetry-sdk-metrics-1.53.0-sources.jar
2025-09-16 22:17:11,003 [Worker-22: Download sources and javadoc] INFO  o.e.m.j.internal.DownloadSourcesJob - Downloaded sources for io.opentelemetry:opentelemetry-sdk-metrics:1.53.0
2025-09-16 22:17:11,179 [Worker-22: Download sources and javadoc] INFO  o.e.m.c.i.e.AbstractTransferListenerAdapter - Downloading https://repo.maven.apache.org/maven2/io/opentelemetry/opentelemetry-sdk-logs/1.53.0/opentelemetry-sdk-logs-1.53.0-sources.jar
2025-09-16 22:17:11,263 [Worker-22: Download sources and javadoc] INFO  o.e.m.c.i.e.AbstractTransferListenerAdapter - Downloaded https://repo.maven.apache.org/maven2/io/opentelemetry/opentelemetry-sdk-logs/1.53.0/opentelemetry-sdk-logs-1.53.0-sources.jar
2025-09-16 22:17:11,267 [Worker-22: Download sources and javadoc] INFO  o.e.m.j.internal.DownloadSourcesJob - Downloaded sources for io.opentelemetry:opentelemetry-sdk-logs:1.53.0
2025-09-16 22:17:11,509 [Worker-22: Download sources and javadoc] INFO  o.e.m.c.i.e.AbstractTransferListenerAdapter - Downloading https://repo.maven.apache.org/maven2/net/bytebuddy/byte-buddy/1.17.6/byte-buddy-1.17.6-sources.jar
2025-09-16 22:17:11,952 [Worker-22: Download sources and javadoc] INFO  o.e.m.c.i.e.AbstractTransferListenerAdapter - Downloaded https://repo.maven.apache.org/maven2/net/bytebuddy/byte-buddy/1.17.6/byte-buddy-1.17.6-sources.jar
2025-09-16 22:17:11,958 [Worker-22: Download sources and javadoc] INFO  o.e.m.j.internal.DownloadSourcesJob - Downloaded sources for net.bytebuddy:byte-buddy:1.17.6
2025-09-16 22:17:12,251 [Worker-22: Download sources and javadoc] INFO  o.e.m.c.i.e.AbstractTransferListenerAdapter - Downloading https://repo.maven.apache.org/maven2/org/seleniumhq/selenium/selenium-os/4.35.0/selenium-os-4.35.0-sources.jar
2025-09-16 22:17:12,348 [Worker-22: Download sources and javadoc] INFO  o.e.m.c.i.e.AbstractTransferListenerAdapter - Downloaded https://repo.maven.apache.org/maven2/org/seleniumhq/selenium/selenium-os/4.35.0/selenium-os-4.35.0-sources.jar
2025-09-16 22:17:12,352 [Worker-22: Download sources and javadoc] INFO  o.e.m.j.internal.DownloadSourcesJob - Downloaded sources for org.seleniumhq.selenium:selenium-os:4.35.0
2025-09-16 22:17:12,579 [Worker-22: Download sources and javadoc] INFO  o.e.m.c.i.e.AbstractTransferListenerAdapter - Downloading https://repo.maven.apache.org/maven2/org/apache/commons/commons-exec/1.5.0/commons-exec-1.5.0-sources.jar
2025-09-16 22:17:12,715 [Worker-22: Download sources and javadoc] INFO  o.e.m.c.i.e.AbstractTransferListenerAdapter - Downloaded https://repo.maven.apache.org/maven2/org/apache/commons/commons-exec/1.5.0/commons-exec-1.5.0-sources.jar
2025-09-16 22:17:12,720 [Worker-22: Download sources and javadoc] INFO  o.e.m.j.internal.DownloadSourcesJob - Downloaded sources for org.apache.commons:commons-exec:1.5.0
2025-09-16 22:17:12,956 [Worker-22: Download sources and javadoc] INFO  o.e.m.c.i.e.AbstractTransferListenerAdapter - Downloading https://repo.maven.apache.org/maven2/org/seleniumhq/selenium/selenium-safari-driver/4.35.0/selenium-safari-driver-4.35.0-sources.jar
2025-09-16 22:17:13,065 [Worker-22: Download sources and javadoc] INFO  o.e.m.c.i.e.AbstractTransferListenerAdapter - Downloaded https://repo.maven.apache.org/maven2/org/seleniumhq/selenium/selenium-safari-driver/4.35.0/selenium-safari-driver-4.35.0-sources.jar
2025-09-16 22:17:13,070 [Worker-22: Download sources and javadoc] INFO  o.e.m.j.internal.DownloadSourcesJob - Downloaded sources for org.seleniumhq.selenium:selenium-safari-driver:4.35.0
2025-09-16 22:17:13,305 [Worker-22: Download sources and javadoc] INFO  o.e.m.c.i.e.AbstractTransferListenerAdapter - Downloading https://repo.maven.apache.org/maven2/org/seleniumhq/selenium/selenium-support/4.35.0/selenium-support-4.35.0-sources.jar
2025-09-16 22:17:13,458 [Worker-22: Download sources and javadoc] INFO  o.e.m.c.i.e.AbstractTransferListenerAdapter - Downloaded https://repo.maven.apache.org/maven2/org/seleniumhq/selenium/selenium-support/4.35.0/selenium-support-4.35.0-sources.jar
2025-09-16 22:17:13,463 [Worker-22: Download sources and javadoc] INFO  o.e.m.j.internal.DownloadSourcesJob - Downloaded sources for org.seleniumhq.selenium:selenium-support:4.35.0
2025-09-16 22:17:56,822 [Worker-22: Building] INFO  o.e.m.c.i.l.LifecycleMappingFactory - Using org.eclipse.m2e.jdt.JarLifecycleMapping lifecycle mapping for MavenProject: com.selenium.basics:selenium-maven-project:0.0.1-SNAPSHOT @ C:\Users\ip-slim-3\eclipse-workspacenew-July25\selenium-maven-project\pom.xml.
2025-09-16 22:17:57,234 [Worker-22: Building] WARN  o.a.m.s.f.DefaultMavenResourcesFiltering - Using platform encoding (UTF-8 actually) to copy filtered resources, i.e. build is platform dependent!
2025-09-16 22:17:57,236 [Worker-22: Building] INFO  o.a.m.s.f.DefaultMavenResourcesFiltering - skip non existing resourceDirectory C:\Users\ip-slim-3\eclipse-workspacenew-July25\selenium-maven-project\src\main\resources
2025-09-16 22:17:57,240 [Worker-22: Building] WARN  o.a.m.s.f.DefaultMavenResourcesFiltering - Using platform encoding (UTF-8 actually) to copy filtered resources, i.e. build is platform dependent!
2025-09-16 22:17:57,243 [Worker-22: Building] INFO  o.a.m.s.f.DefaultMavenResourcesFiltering - skip non existing resourceDirectory C:\Users\ip-slim-3\eclipse-workspacenew-July25\selenium-maven-project\src\test\resources
2025-09-16 22:18:15,800 [Worker-16: Building] INFO  o.e.m.c.i.l.LifecycleMappingFactory - Using org.eclipse.m2e.jdt.JarLifecycleMapping lifecycle mapping for MavenProject: com.selenium.basics:selenium-maven-project:0.0.1-SNAPSHOT @ C:\Users\ip-slim-3\eclipse-workspacenew-July25\selenium-maven-project\pom.xml.
2025-09-16 22:18:16,402 [Worker-16: Building] WARN  o.a.m.s.f.DefaultMavenResourcesFiltering - Using platform encoding (UTF-8 actually) to copy filtered resources, i.e. build is platform dependent!
2025-09-16 22:18:16,403 [Worker-16: Building] INFO  o.a.m.s.f.DefaultMavenResourcesFiltering - skip non existing resourceDirectory C:\Users\ip-slim-3\eclipse-workspacenew-July25\selenium-maven-project\src\main\resources
2025-09-16 22:18:16,406 [Worker-16: Building] WARN  o.a.m.s.f.DefaultMavenResourcesFiltering - Using platform encoding (UTF-8 actually) to copy filtered resources, i.e. build is platform dependent!
2025-09-16 22:18:16,407 [Worker-16: Building] INFO  o.a.m.s.f.DefaultMavenResourcesFiltering - skip non existing resourceDirectory C:\Users\ip-slim-3\eclipse-workspacenew-July25\selenium-maven-project\src\test\resources
2025-09-16 22:19:06,847 [Worker-27: Building] INFO  o.e.m.c.i.l.LifecycleMappingFactory - Using org.eclipse.m2e.jdt.JarLifecycleMapping lifecycle mapping for MavenProject: com.selenium.basics:selenium-maven-project:0.0.1-SNAPSHOT @ C:\Users\ip-slim-3\eclipse-workspacenew-July25\selenium-maven-project\pom.xml.
2025-09-16 22:19:07,042 [Worker-27: Building] INFO  o.e.m.c.i.e.AbstractTransferListenerAdapter - Downloading https://repo.maven.apache.org/maven2/org/seleniumhq/selenium/selenium-java/4.34.0/selenium-java-4.34.0.pom
2025-09-16 22:19:07,136 [Worker-27: Building] INFO  o.e.m.c.i.e.AbstractTransferListenerAdapter - Downloaded https://repo.maven.apache.org/maven2/org/seleniumhq/selenium/selenium-java/4.34.0/selenium-java-4.34.0.pom
2025-09-16 22:19:07,189 [Worker-27: Building] INFO  o.e.m.c.i.e.AbstractTransferListenerAdapter - Downloading https://repo.maven.apache.org/maven2/org/seleniumhq/selenium/selenium-api/4.34.0/selenium-api-4.34.0.pom
2025-09-16 22:19:07,253 [Worker-27: Building] INFO  o.e.m.c.i.e.AbstractTransferListenerAdapter - Downloaded https://repo.maven.apache.org/maven2/org/seleniumhq/selenium/selenium-api/4.34.0/selenium-api-4.34.0.pom
2025-09-16 22:19:07,306 [Worker-27: Building] INFO  o.e.m.c.i.e.AbstractTransferListenerAdapter - Downloading https://repo.maven.apache.org/maven2/org/seleniumhq/selenium/selenium-chrome-driver/4.34.0/selenium-chrome-driver-4.34.0.pom
2025-09-16 22:19:07,358 [Worker-27: Building] INFO  o.e.m.c.i.e.AbstractTransferListenerAdapter - Downloaded https://repo.maven.apache.org/maven2/org/seleniumhq/selenium/selenium-chrome-driver/4.34.0/selenium-chrome-driver-4.34.0.pom
2025-09-16 22:19:07,421 [Worker-27: Building] INFO  o.e.m.c.i.e.AbstractTransferListenerAdapter - Downloading https://repo.maven.apache.org/maven2/org/seleniumhq/selenium/selenium-chromium-driver/4.34.0/selenium-chromium-driver-4.34.0.pom
2025-09-16 22:19:07,472 [Worker-27: Building] INFO  o.e.m.c.i.e.AbstractTransferListenerAdapter - Downloaded https://repo.maven.apache.org/maven2/org/seleniumhq/selenium/selenium-chromium-driver/4.34.0/selenium-chromium-driver-4.34.0.pom
2025-09-16 22:19:07,527 [Worker-27: Building] INFO  o.e.m.c.i.e.AbstractTransferListenerAdapter - Downloading https://repo.maven.apache.org/maven2/org/seleniumhq/selenium/selenium-json/4.34.0/selenium-json-4.34.0.pom
2025-09-16 22:19:07,579 [Worker-27: Building] INFO  o.e.m.c.i.e.AbstractTransferListenerAdapter - Downloaded https://repo.maven.apache.org/maven2/org/seleniumhq/selenium/selenium-json/4.34.0/selenium-json-4.34.0.pom
2025-09-16 22:19:07,630 [Worker-27: Building] INFO  o.e.m.c.i.e.AbstractTransferListenerAdapter - Downloading https://repo.maven.apache.org/maven2/org/seleniumhq/selenium/selenium-remote-driver/4.34.0/selenium-remote-driver-4.34.0.pom
2025-09-16 22:19:07,681 [Worker-27: Building] INFO  o.e.m.c.i.e.AbstractTransferListenerAdapter - Downloaded https://repo.maven.apache.org/maven2/org/seleniumhq/selenium/selenium-remote-driver/4.34.0/selenium-remote-driver-4.34.0.pom
2025-09-16 22:19:07,754 [Worker-27: Building] INFO  o.e.m.c.i.e.AbstractTransferListenerAdapter - Downloading https://repo.maven.apache.org/maven2/io/opentelemetry/opentelemetry-api/1.51.0/opentelemetry-api-1.51.0.pom
2025-09-16 22:19:07,804 [Worker-27: Building] INFO  o.e.m.c.i.e.AbstractTransferListenerAdapter - Downloaded https://repo.maven.apache.org/maven2/io/opentelemetry/opentelemetry-api/1.51.0/opentelemetry-api-1.51.0.pom
2025-09-16 22:19:07,866 [Worker-27: Building] INFO  o.e.m.c.i.e.AbstractTransferListenerAdapter - Downloading https://repo.maven.apache.org/maven2/io/opentelemetry/opentelemetry-context/1.51.0/opentelemetry-context-1.51.0.pom
2025-09-16 22:19:07,917 [Worker-27: Building] INFO  o.e.m.c.i.e.AbstractTransferListenerAdapter - Downloaded https://repo.maven.apache.org/maven2/io/opentelemetry/opentelemetry-context/1.51.0/opentelemetry-context-1.51.0.pom
2025-09-16 22:19:07,968 [Worker-27: Building] INFO  o.e.m.c.i.e.AbstractTransferListenerAdapter - Downloading https://repo.maven.apache.org/maven2/io/opentelemetry/opentelemetry-exporter-logging/1.51.0/opentelemetry-exporter-logging-1.51.0.pom
2025-09-16 22:19:08,025 [Worker-27: Building] INFO  o.e.m.c.i.e.AbstractTransferListenerAdapter - Downloaded https://repo.maven.apache.org/maven2/io/opentelemetry/opentelemetry-exporter-logging/1.51.0/opentelemetry-exporter-logging-1.51.0.pom
2025-09-16 22:19:08,080 [Worker-27: Building] INFO  o.e.m.c.i.e.AbstractTransferListenerAdapter - Downloading https://repo.maven.apache.org/maven2/io/opentelemetry/opentelemetry-sdk/1.51.0/opentelemetry-sdk-1.51.0.pom
2025-09-16 22:19:08,137 [Worker-27: Building] INFO  o.e.m.c.i.e.AbstractTransferListenerAdapter - Downloaded https://repo.maven.apache.org/maven2/io/opentelemetry/opentelemetry-sdk/1.51.0/opentelemetry-sdk-1.51.0.pom
2025-09-16 22:19:08,194 [Worker-27: Building] INFO  o.e.m.c.i.e.AbstractTransferListenerAdapter - Downloading https://repo.maven.apache.org/maven2/io/opentelemetry/opentelemetry-sdk-common/1.51.0/opentelemetry-sdk-common-1.51.0.pom
2025-09-16 22:19:08,246 [Worker-27: Building] INFO  o.e.m.c.i.e.AbstractTransferListenerAdapter - Downloaded https://repo.maven.apache.org/maven2/io/opentelemetry/opentelemetry-sdk-common/1.51.0/opentelemetry-sdk-common-1.51.0.pom
2025-09-16 22:19:08,296 [Worker-27: Building] INFO  o.e.m.c.i.e.AbstractTransferListenerAdapter - Downloading https://repo.maven.apache.org/maven2/io/opentelemetry/opentelemetry-sdk-trace/1.51.0/opentelemetry-sdk-trace-1.51.0.pom
2025-09-16 22:19:08,349 [Worker-27: Building] INFO  o.e.m.c.i.e.AbstractTransferListenerAdapter - Downloaded https://repo.maven.apache.org/maven2/io/opentelemetry/opentelemetry-sdk-trace/1.51.0/opentelemetry-sdk-trace-1.51.0.pom
2025-09-16 22:19:08,409 [Worker-27: Building] INFO  o.e.m.c.i.e.AbstractTransferListenerAdapter - Downloading https://repo.maven.apache.org/maven2/io/opentelemetry/opentelemetry-sdk-metrics/1.51.0/opentelemetry-sdk-metrics-1.51.0.pom
2025-09-16 22:19:08,463 [Worker-27: Building] INFO  o.e.m.c.i.e.AbstractTransferListenerAdapter - Downloaded https://repo.maven.apache.org/maven2/io/opentelemetry/opentelemetry-sdk-metrics/1.51.0/opentelemetry-sdk-metrics-1.51.0.pom
2025-09-16 22:19:08,517 [Worker-27: Building] INFO  o.e.m.c.i.e.AbstractTransferListenerAdapter - Downloading https://repo.maven.apache.org/maven2/io/opentelemetry/opentelemetry-sdk-logs/1.51.0/opentelemetry-sdk-logs-1.51.0.pom
2025-09-16 22:19:08,566 [Worker-27: Building] INFO  o.e.m.c.i.e.AbstractTransferListenerAdapter - Downloaded https://repo.maven.apache.org/maven2/io/opentelemetry/opentelemetry-sdk-logs/1.51.0/opentelemetry-sdk-logs-1.51.0.pom
2025-09-16 22:19:08,617 [Worker-27: Building] INFO  o.e.m.c.i.e.AbstractTransferListenerAdapter - Downloading https://repo.maven.apache.org/maven2/io/opentelemetry/opentelemetry-sdk-extension-autoconfigure-spi/1.51.0/opentelemetry-sdk-extension-autoconfigure-spi-1.51.0.pom
2025-09-16 22:19:08,667 [Worker-27: Building] INFO  o.e.m.c.i.e.AbstractTransferListenerAdapter - Downloaded https://repo.maven.apache.org/maven2/io/opentelemetry/opentelemetry-sdk-extension-autoconfigure-spi/1.51.0/opentelemetry-sdk-extension-autoconfigure-spi-1.51.0.pom
2025-09-16 22:19:08,717 [Worker-27: Building] INFO  o.e.m.c.i.e.AbstractTransferListenerAdapter - Downloading https://repo.maven.apache.org/maven2/io/opentelemetry/opentelemetry-sdk-extension-autoconfigure/1.51.0/opentelemetry-sdk-extension-autoconfigure-1.51.0.pom
2025-09-16 22:19:08,764 [Worker-27: Building] INFO  o.e.m.c.i.e.AbstractTransferListenerAdapter - Downloaded https://repo.maven.apache.org/maven2/io/opentelemetry/opentelemetry-sdk-extension-autoconfigure/1.51.0/opentelemetry-sdk-extension-autoconfigure-1.51.0.pom
2025-09-16 22:19:08,841 [Worker-27: Building] INFO  o.e.m.c.i.e.AbstractTransferListenerAdapter - Downloading https://repo.maven.apache.org/maven2/org/seleniumhq/selenium/selenium-http/4.34.0/selenium-http-4.34.0.pom
2025-09-16 22:19:08,892 [Worker-27: Building] INFO  o.e.m.c.i.e.AbstractTransferListenerAdapter - Downloaded https://repo.maven.apache.org/maven2/org/seleniumhq/selenium/selenium-http/4.34.0/selenium-http-4.34.0.pom
2025-09-16 22:19:08,944 [Worker-27: Building] INFO  o.e.m.c.i.e.AbstractTransferListenerAdapter - Downloading https://repo.maven.apache.org/maven2/org/seleniumhq/selenium/selenium-manager/4.34.0/selenium-manager-4.34.0.pom
2025-09-16 22:19:08,997 [Worker-27: Building] INFO  o.e.m.c.i.e.AbstractTransferListenerAdapter - Downloaded https://repo.maven.apache.org/maven2/org/seleniumhq/selenium/selenium-manager/4.34.0/selenium-manager-4.34.0.pom
2025-09-16 22:19:09,049 [Worker-27: Building] INFO  o.e.m.c.i.e.AbstractTransferListenerAdapter - Downloading https://repo.maven.apache.org/maven2/org/seleniumhq/selenium/selenium-os/4.34.0/selenium-os-4.34.0.pom
2025-09-16 22:19:09,102 [Worker-27: Building] INFO  o.e.m.c.i.e.AbstractTransferListenerAdapter - Downloaded https://repo.maven.apache.org/maven2/org/seleniumhq/selenium/selenium-os/4.34.0/selenium-os-4.34.0.pom
2025-09-16 22:19:09,180 [Worker-27: Building] INFO  o.e.m.c.i.e.AbstractTransferListenerAdapter - Downloading https://repo.maven.apache.org/maven2/org/seleniumhq/selenium/selenium-devtools-v136/4.34.0/selenium-devtools-v136-4.34.0.pom
2025-09-16 22:19:09,340 [Worker-27: Building] INFO  o.e.m.c.i.e.AbstractTransferListenerAdapter - Downloaded https://repo.maven.apache.org/maven2/org/seleniumhq/selenium/selenium-devtools-v136/4.34.0/selenium-devtools-v136-4.34.0.pom
2025-09-16 22:19:09,523 [Worker-27: Building] INFO  o.e.m.c.i.e.AbstractTransferListenerAdapter - Downloading https://repo.maven.apache.org/maven2/org/seleniumhq/selenium/selenium-devtools-v137/4.34.0/selenium-devtools-v137-4.34.0.pom
2025-09-16 22:19:09,611 [Worker-27: Building] INFO  o.e.m.c.i.e.AbstractTransferListenerAdapter - Downloaded https://repo.maven.apache.org/maven2/org/seleniumhq/selenium/selenium-devtools-v137/4.34.0/selenium-devtools-v137-4.34.0.pom
2025-09-16 22:19:09,667 [Worker-27: Building] INFO  o.e.m.c.i.e.AbstractTransferListenerAdapter - Downloading https://repo.maven.apache.org/maven2/org/seleniumhq/selenium/selenium-devtools-v138/4.34.0/selenium-devtools-v138-4.34.0.pom
2025-09-16 22:19:09,718 [Worker-27: Building] INFO  o.e.m.c.i.e.AbstractTransferListenerAdapter - Downloaded https://repo.maven.apache.org/maven2/org/seleniumhq/selenium/selenium-devtools-v138/4.34.0/selenium-devtools-v138-4.34.0.pom
2025-09-16 22:19:09,771 [Worker-27: Building] INFO  o.e.m.c.i.e.AbstractTransferListenerAdapter - Downloading https://repo.maven.apache.org/maven2/org/seleniumhq/selenium/selenium-edge-driver/4.34.0/selenium-edge-driver-4.34.0.pom
2025-09-16 22:19:09,822 [Worker-27: Building] INFO  o.e.m.c.i.e.AbstractTransferListenerAdapter - Downloaded https://repo.maven.apache.org/maven2/org/seleniumhq/selenium/selenium-edge-driver/4.34.0/selenium-edge-driver-4.34.0.pom
2025-09-16 22:19:09,874 [Worker-27: Building] INFO  o.e.m.c.i.e.AbstractTransferListenerAdapter - Downloading https://repo.maven.apache.org/maven2/org/seleniumhq/selenium/selenium-firefox-driver/4.34.0/selenium-firefox-driver-4.34.0.pom
2025-09-16 22:19:09,930 [Worker-27: Building] INFO  o.e.m.c.i.e.AbstractTransferListenerAdapter - Downloaded https://repo.maven.apache.org/maven2/org/seleniumhq/selenium/selenium-firefox-driver/4.34.0/selenium-firefox-driver-4.34.0.pom
2025-09-16 22:19:09,982 [Worker-27: Building] INFO  o.e.m.c.i.e.AbstractTransferListenerAdapter - Downloading https://repo.maven.apache.org/maven2/org/seleniumhq/selenium/selenium-ie-driver/4.34.0/selenium-ie-driver-4.34.0.pom
2025-09-16 22:19:10,035 [Worker-27: Building] INFO  o.e.m.c.i.e.AbstractTransferListenerAdapter - Downloaded https://repo.maven.apache.org/maven2/org/seleniumhq/selenium/selenium-ie-driver/4.34.0/selenium-ie-driver-4.34.0.pom
2025-09-16 22:19:10,091 [Worker-27: Building] INFO  o.e.m.c.i.e.AbstractTransferListenerAdapter - Downloading https://repo.maven.apache.org/maven2/org/seleniumhq/selenium/selenium-safari-driver/4.34.0/selenium-safari-driver-4.34.0.pom
2025-09-16 22:19:10,140 [Worker-27: Building] INFO  o.e.m.c.i.e.AbstractTransferListenerAdapter - Downloaded https://repo.maven.apache.org/maven2/org/seleniumhq/selenium/selenium-safari-driver/4.34.0/selenium-safari-driver-4.34.0.pom
2025-09-16 22:19:10,208 [Worker-27: Building] INFO  o.e.m.c.i.e.AbstractTransferListenerAdapter - Downloading https://repo.maven.apache.org/maven2/org/seleniumhq/selenium/selenium-support/4.34.0/selenium-support-4.34.0.pom
2025-09-16 22:19:10,265 [Worker-27: Building] INFO  o.e.m.c.i.e.AbstractTransferListenerAdapter - Downloaded https://repo.maven.apache.org/maven2/org/seleniumhq/selenium/selenium-support/4.34.0/selenium-support-4.34.0.pom
2025-09-16 22:19:10,372 [AetherRepositoryConnector-repo.maven.apache.org-1-1] INFO  o.e.m.c.i.e.AbstractTransferListenerAdapter - Downloading https://repo.maven.apache.org/maven2/org/seleniumhq/selenium/selenium-api/4.34.0/selenium-api-4.34.0.jar
2025-09-16 22:19:10,372 [AetherRepositoryConnector-repo.maven.apache.org-1-3] INFO  o.e.m.c.i.e.AbstractTransferListenerAdapter - Downloading https://repo.maven.apache.org/maven2/org/seleniumhq/selenium/selenium-chromium-driver/4.34.0/selenium-chromium-driver-4.34.0.jar
2025-09-16 22:19:10,445 [AetherRepositoryConnector-repo.maven.apache.org-1-2] INFO  o.e.m.c.i.e.AbstractTransferListenerAdapter - Downloading https://repo.maven.apache.org/maven2/org/seleniumhq/selenium/selenium-chrome-driver/4.34.0/selenium-chrome-driver-4.34.0.jar
2025-09-16 22:19:10,445 [AetherRepositoryConnector-repo.maven.apache.org-1-0] INFO  o.e.m.c.i.e.AbstractTransferListenerAdapter - Downloading https://repo.maven.apache.org/maven2/org/seleniumhq/selenium/selenium-java/4.34.0/selenium-java-4.34.0.jar
2025-09-16 22:19:10,445 [AetherRepositoryConnector-repo.maven.apache.org-1-4] INFO  o.e.m.c.i.e.AbstractTransferListenerAdapter - Downloading https://repo.maven.apache.org/maven2/org/seleniumhq/selenium/selenium-json/4.34.0/selenium-json-4.34.0.jar
2025-09-16 22:19:10,516 [AetherRepositoryConnector-repo.maven.apache.org-1-3] INFO  o.e.m.c.i.e.AbstractTransferListenerAdapter - Downloaded https://repo.maven.apache.org/maven2/org/seleniumhq/selenium/selenium-chromium-driver/4.34.0/selenium-chromium-driver-4.34.0.jar
2025-09-16 22:19:10,520 [AetherRepositoryConnector-repo.maven.apache.org-1-0] INFO  o.e.m.c.i.e.AbstractTransferListenerAdapter - Downloaded https://repo.maven.apache.org/maven2/org/seleniumhq/selenium/selenium-java/4.34.0/selenium-java-4.34.0.jar
2025-09-16 22:19:10,534 [AetherRepositoryConnector-repo.maven.apache.org-1-2] INFO  o.e.m.c.i.e.AbstractTransferListenerAdapter - Downloaded https://repo.maven.apache.org/maven2/org/seleniumhq/selenium/selenium-chrome-driver/4.34.0/selenium-chrome-driver-4.34.0.jar
2025-09-16 22:19:10,566 [AetherRepositoryConnector-repo.maven.apache.org-1-1] INFO  o.e.m.c.i.e.AbstractTransferListenerAdapter - Downloaded https://repo.maven.apache.org/maven2/org/seleniumhq/selenium/selenium-api/4.34.0/selenium-api-4.34.0.jar
2025-09-16 22:19:10,566 [AetherRepositoryConnector-repo.maven.apache.org-1-4] INFO  o.e.m.c.i.e.AbstractTransferListenerAdapter - Downloaded https://repo.maven.apache.org/maven2/org/seleniumhq/selenium/selenium-json/4.34.0/selenium-json-4.34.0.jar
2025-09-16 22:19:10,579 [AetherRepositoryConnector-repo.maven.apache.org-1-0] INFO  o.e.m.c.i.e.AbstractTransferListenerAdapter - Downloading https://repo.maven.apache.org/maven2/org/seleniumhq/selenium/selenium-devtools-v136/4.34.0/selenium-devtools-v136-4.34.0.jar
2025-09-16 22:19:10,677 [AetherRepositoryConnector-repo.maven.apache.org-1-3] INFO  o.e.m.c.i.e.AbstractTransferListenerAdapter - Downloading https://repo.maven.apache.org/maven2/org/seleniumhq/selenium/selenium-manager/4.34.0/selenium-manager-4.34.0.jar
2025-09-16 22:19:10,677 [AetherRepositoryConnector-repo.maven.apache.org-1-2] INFO  o.e.m.c.i.e.AbstractTransferListenerAdapter - Downloading https://repo.maven.apache.org/maven2/org/seleniumhq/selenium/selenium-devtools-v137/4.34.0/selenium-devtools-v137-4.34.0.jar
2025-09-16 22:19:10,686 [AetherRepositoryConnector-repo.maven.apache.org-1-4] INFO  o.e.m.c.i.e.AbstractTransferListenerAdapter - Downloading https://repo.maven.apache.org/maven2/org/seleniumhq/selenium/selenium-edge-driver/4.34.0/selenium-edge-driver-4.34.0.jar
2025-09-16 22:19:10,686 [AetherRepositoryConnector-repo.maven.apache.org-1-1] INFO  o.e.m.c.i.e.AbstractTransferListenerAdapter - Downloading https://repo.maven.apache.org/maven2/org/seleniumhq/selenium/selenium-devtools-v138/4.34.0/selenium-devtools-v138-4.34.0.jar
2025-09-16 22:19:10,828 [AetherRepositoryConnector-repo.maven.apache.org-1-4] INFO  o.e.m.c.i.e.AbstractTransferListenerAdapter - Downloaded https://repo.maven.apache.org/maven2/org/seleniumhq/selenium/selenium-edge-driver/4.34.0/selenium-edge-driver-4.34.0.jar
2025-09-16 22:19:11,078 [AetherRepositoryConnector-repo.maven.apache.org-1-4] INFO  o.e.m.c.i.e.AbstractTransferListenerAdapter - Downloading https://repo.maven.apache.org/maven2/org/seleniumhq/selenium/selenium-firefox-driver/4.34.0/selenium-firefox-driver-4.34.0.jar
2025-09-16 22:19:11,140 [AetherRepositoryConnector-repo.maven.apache.org-1-0] INFO  o.e.m.c.i.e.AbstractTransferListenerAdapter - Downloaded https://repo.maven.apache.org/maven2/org/seleniumhq/selenium/selenium-devtools-v136/4.34.0/selenium-devtools-v136-4.34.0.jar
2025-09-16 22:19:11,140 [AetherRepositoryConnector-repo.maven.apache.org-1-2] INFO  o.e.m.c.i.e.AbstractTransferListenerAdapter - Downloaded https://repo.maven.apache.org/maven2/org/seleniumhq/selenium/selenium-devtools-v137/4.34.0/selenium-devtools-v137-4.34.0.jar
2025-09-16 22:19:11,140 [AetherRepositoryConnector-repo.maven.apache.org-1-1] INFO  o.e.m.c.i.e.AbstractTransferListenerAdapter - Downloaded https://repo.maven.apache.org/maven2/org/seleniumhq/selenium/selenium-devtools-v138/4.34.0/selenium-devtools-v138-4.34.0.jar
2025-09-16 22:19:11,140 [AetherRepositoryConnector-repo.maven.apache.org-1-4] INFO  o.e.m.c.i.e.AbstractTransferListenerAdapter - Downloaded https://repo.maven.apache.org/maven2/org/seleniumhq/selenium/selenium-firefox-driver/4.34.0/selenium-firefox-driver-4.34.0.jar
2025-09-16 22:19:11,187 [AetherRepositoryConnector-repo.maven.apache.org-1-0] INFO  o.e.m.c.i.e.AbstractTransferListenerAdapter - Downloading https://repo.maven.apache.org/maven2/org/seleniumhq/selenium/selenium-remote-driver/4.34.0/selenium-remote-driver-4.34.0.jar
2025-09-16 22:19:11,192 [AetherRepositoryConnector-repo.maven.apache.org-1-2] INFO  o.e.m.c.i.e.AbstractTransferListenerAdapter - Downloading https://repo.maven.apache.org/maven2/org/seleniumhq/selenium/selenium-http/4.34.0/selenium-http-4.34.0.jar
2025-09-16 22:19:11,192 [AetherRepositoryConnector-repo.maven.apache.org-1-1] INFO  o.e.m.c.i.e.AbstractTransferListenerAdapter - Downloading https://repo.maven.apache.org/maven2/org/seleniumhq/selenium/selenium-ie-driver/4.34.0/selenium-ie-driver-4.34.0.jar
2025-09-16 22:19:11,230 [AetherRepositoryConnector-repo.maven.apache.org-1-4] INFO  o.e.m.c.i.e.AbstractTransferListenerAdapter - Downloading https://repo.maven.apache.org/maven2/io/opentelemetry/opentelemetry-api/1.51.0/opentelemetry-api-1.51.0.jar
2025-09-16 22:19:11,240 [AetherRepositoryConnector-repo.maven.apache.org-1-3] INFO  o.e.m.c.i.e.AbstractTransferListenerAdapter - Downloaded https://repo.maven.apache.org/maven2/org/seleniumhq/selenium/selenium-manager/4.34.0/selenium-manager-4.34.0.jar
2025-09-16 22:19:11,247 [AetherRepositoryConnector-repo.maven.apache.org-1-1] INFO  o.e.m.c.i.e.AbstractTransferListenerAdapter - Downloaded https://repo.maven.apache.org/maven2/org/seleniumhq/selenium/selenium-ie-driver/4.34.0/selenium-ie-driver-4.34.0.jar
2025-09-16 22:19:11,260 [AetherRepositoryConnector-repo.maven.apache.org-1-2] INFO  o.e.m.c.i.e.AbstractTransferListenerAdapter - Downloaded https://repo.maven.apache.org/maven2/org/seleniumhq/selenium/selenium-http/4.34.0/selenium-http-4.34.0.jar
2025-09-16 22:19:11,280 [AetherRepositoryConnector-repo.maven.apache.org-1-0] INFO  o.e.m.c.i.e.AbstractTransferListenerAdapter - Downloaded https://repo.maven.apache.org/maven2/org/seleniumhq/selenium/selenium-remote-driver/4.34.0/selenium-remote-driver-4.34.0.jar
2025-09-16 22:19:11,295 [AetherRepositoryConnector-repo.maven.apache.org-1-4] INFO  o.e.m.c.i.e.AbstractTransferListenerAdapter - Downloaded https://repo.maven.apache.org/maven2/io/opentelemetry/opentelemetry-api/1.51.0/opentelemetry-api-1.51.0.jar
2025-09-16 22:19:11,311 [AetherRepositoryConnector-repo.maven.apache.org-1-1] INFO  o.e.m.c.i.e.AbstractTransferListenerAdapter - Downloading https://repo.maven.apache.org/maven2/io/opentelemetry/opentelemetry-exporter-logging/1.51.0/opentelemetry-exporter-logging-1.51.0.jar
2025-09-16 22:19:11,321 [AetherRepositoryConnector-repo.maven.apache.org-1-3] INFO  o.e.m.c.i.e.AbstractTransferListenerAdapter - Downloading https://repo.maven.apache.org/maven2/io/opentelemetry/opentelemetry-context/1.51.0/opentelemetry-context-1.51.0.jar
2025-09-16 22:19:11,324 [AetherRepositoryConnector-repo.maven.apache.org-1-2] INFO  o.e.m.c.i.e.AbstractTransferListenerAdapter - Downloading https://repo.maven.apache.org/maven2/io/opentelemetry/opentelemetry-sdk-common/1.51.0/opentelemetry-sdk-common-1.51.0.jar
2025-09-16 22:19:11,331 [AetherRepositoryConnector-repo.maven.apache.org-1-0] INFO  o.e.m.c.i.e.AbstractTransferListenerAdapter - Downloading https://repo.maven.apache.org/maven2/io/opentelemetry/opentelemetry-sdk-extension-autoconfigure-spi/1.51.0/opentelemetry-sdk-extension-autoconfigure-spi-1.51.0.jar
2025-09-16 22:19:11,364 [AetherRepositoryConnector-repo.maven.apache.org-1-4] INFO  o.e.m.c.i.e.AbstractTransferListenerAdapter - Downloading https://repo.maven.apache.org/maven2/io/opentelemetry/opentelemetry-sdk-extension-autoconfigure/1.51.0/opentelemetry-sdk-extension-autoconfigure-1.51.0.jar
2025-09-16 22:19:11,412 [AetherRepositoryConnector-repo.maven.apache.org-1-2] INFO  o.e.m.c.i.e.AbstractTransferListenerAdapter - Downloaded https://repo.maven.apache.org/maven2/io/opentelemetry/opentelemetry-sdk-common/1.51.0/opentelemetry-sdk-common-1.51.0.jar
2025-09-16 22:19:11,412 [AetherRepositoryConnector-repo.maven.apache.org-1-3] INFO  o.e.m.c.i.e.AbstractTransferListenerAdapter - Downloaded https://repo.maven.apache.org/maven2/io/opentelemetry/opentelemetry-context/1.51.0/opentelemetry-context-1.51.0.jar
2025-09-16 22:19:11,412 [AetherRepositoryConnector-repo.maven.apache.org-1-1] INFO  o.e.m.c.i.e.AbstractTransferListenerAdapter - Downloaded https://repo.maven.apache.org/maven2/io/opentelemetry/opentelemetry-exporter-logging/1.51.0/opentelemetry-exporter-logging-1.51.0.jar
2025-09-16 22:19:11,443 [AetherRepositoryConnector-repo.maven.apache.org-1-0] INFO  o.e.m.c.i.e.AbstractTransferListenerAdapter - Downloaded https://repo.maven.apache.org/maven2/io/opentelemetry/opentelemetry-sdk-extension-autoconfigure-spi/1.51.0/opentelemetry-sdk-extension-autoconfigure-spi-1.51.0.jar
2025-09-16 22:19:11,471 [AetherRepositoryConnector-repo.maven.apache.org-1-1] INFO  o.e.m.c.i.e.AbstractTransferListenerAdapter - Downloading https://repo.maven.apache.org/maven2/io/opentelemetry/opentelemetry-sdk-metrics/1.51.0/opentelemetry-sdk-metrics-1.51.0.jar
2025-09-16 22:19:11,472 [AetherRepositoryConnector-repo.maven.apache.org-1-3] INFO  o.e.m.c.i.e.AbstractTransferListenerAdapter - Downloading https://repo.maven.apache.org/maven2/io/opentelemetry/opentelemetry-sdk/1.51.0/opentelemetry-sdk-1.51.0.jar
2025-09-16 22:19:11,476 [AetherRepositoryConnector-repo.maven.apache.org-1-4] INFO  o.e.m.c.i.e.AbstractTransferListenerAdapter - Downloaded https://repo.maven.apache.org/maven2/io/opentelemetry/opentelemetry-sdk-extension-autoconfigure/1.51.0/opentelemetry-sdk-extension-autoconfigure-1.51.0.jar
2025-09-16 22:19:11,500 [AetherRepositoryConnector-repo.maven.apache.org-1-2] INFO  o.e.m.c.i.e.AbstractTransferListenerAdapter - Downloading https://repo.maven.apache.org/maven2/io/opentelemetry/opentelemetry-sdk-trace/1.51.0/opentelemetry-sdk-trace-1.51.0.jar
2025-09-16 22:19:11,512 [AetherRepositoryConnector-repo.maven.apache.org-1-0] INFO  o.e.m.c.i.e.AbstractTransferListenerAdapter - Downloading https://repo.maven.apache.org/maven2/io/opentelemetry/opentelemetry-sdk-logs/1.51.0/opentelemetry-sdk-logs-1.51.0.jar
2025-09-16 22:19:11,527 [AetherRepositoryConnector-repo.maven.apache.org-1-4] INFO  o.e.m.c.i.e.AbstractTransferListenerAdapter - Downloading https://repo.maven.apache.org/maven2/org/seleniumhq/selenium/selenium-os/4.34.0/selenium-os-4.34.0.jar
2025-09-16 22:19:11,528 [AetherRepositoryConnector-repo.maven.apache.org-1-3] INFO  o.e.m.c.i.e.AbstractTransferListenerAdapter - Downloaded https://repo.maven.apache.org/maven2/io/opentelemetry/opentelemetry-sdk/1.51.0/opentelemetry-sdk-1.51.0.jar
2025-09-16 22:19:11,548 [AetherRepositoryConnector-repo.maven.apache.org-1-1] INFO  o.e.m.c.i.e.AbstractTransferListenerAdapter - Downloaded https://repo.maven.apache.org/maven2/io/opentelemetry/opentelemetry-sdk-metrics/1.51.0/opentelemetry-sdk-metrics-1.51.0.jar
2025-09-16 22:19:11,558 [AetherRepositoryConnector-repo.maven.apache.org-1-2] INFO  o.e.m.c.i.e.AbstractTransferListenerAdapter - Downloaded https://repo.maven.apache.org/maven2/io/opentelemetry/opentelemetry-sdk-trace/1.51.0/opentelemetry-sdk-trace-1.51.0.jar
2025-09-16 22:19:11,573 [AetherRepositoryConnector-repo.maven.apache.org-1-0] INFO  o.e.m.c.i.e.AbstractTransferListenerAdapter - Downloaded https://repo.maven.apache.org/maven2/io/opentelemetry/opentelemetry-sdk-logs/1.51.0/opentelemetry-sdk-logs-1.51.0.jar
2025-09-16 22:19:11,577 [AetherRepositoryConnector-repo.maven.apache.org-1-3] INFO  o.e.m.c.i.e.AbstractTransferListenerAdapter - Downloading https://repo.maven.apache.org/maven2/org/seleniumhq/selenium/selenium-safari-driver/4.34.0/selenium-safari-driver-4.34.0.jar
2025-09-16 22:19:11,592 [AetherRepositoryConnector-repo.maven.apache.org-1-4] INFO  o.e.m.c.i.e.AbstractTransferListenerAdapter - Downloaded https://repo.maven.apache.org/maven2/org/seleniumhq/selenium/selenium-os/4.34.0/selenium-os-4.34.0.jar
2025-09-16 22:19:11,597 [AetherRepositoryConnector-repo.maven.apache.org-1-1] INFO  o.e.m.c.i.e.AbstractTransferListenerAdapter - Downloading https://repo.maven.apache.org/maven2/org/seleniumhq/selenium/selenium-support/4.34.0/selenium-support-4.34.0.jar
2025-09-16 22:19:11,631 [AetherRepositoryConnector-repo.maven.apache.org-1-3] INFO  o.e.m.c.i.e.AbstractTransferListenerAdapter - Downloaded https://repo.maven.apache.org/maven2/org/seleniumhq/selenium/selenium-safari-driver/4.34.0/selenium-safari-driver-4.34.0.jar
2025-09-16 22:19:11,682 [AetherRepositoryConnector-repo.maven.apache.org-1-1] INFO  o.e.m.c.i.e.AbstractTransferListenerAdapter - Downloaded https://repo.maven.apache.org/maven2/org/seleniumhq/selenium/selenium-support/4.34.0/selenium-support-4.34.0.jar
2025-09-16 22:19:12,274 [Worker-27: Building] WARN  o.a.m.s.f.DefaultMavenResourcesFiltering - Using platform encoding (UTF-8 actually) to copy filtered resources, i.e. build is platform dependent!
2025-09-16 22:19:12,276 [Worker-27: Building] INFO  o.a.m.s.f.DefaultMavenResourcesFiltering - skip non existing resourceDirectory C:\Users\ip-slim-3\eclipse-workspacenew-July25\selenium-maven-project\src\main\resources
2025-09-16 22:19:12,280 [Worker-27: Building] WARN  o.a.m.s.f.DefaultMavenResourcesFiltering - Using platform encoding (UTF-8 actually) to copy filtered resources, i.e. build is platform dependent!
2025-09-16 22:19:12,281 [Worker-27: Building] INFO  o.a.m.s.f.DefaultMavenResourcesFiltering - skip non existing resourceDirectory C:\Users\ip-slim-3\eclipse-workspacenew-July25\selenium-maven-project\src\test\resources
2025-09-16 22:19:13,330 [Worker-20: Download sources and javadoc] INFO  o.e.m.c.i.e.AbstractTransferListenerAdapter - Downloading https://repo.maven.apache.org/maven2/org/seleniumhq/selenium/selenium-java/4.34.0/selenium-java-4.34.0-sources.jar
2025-09-16 22:19:13,448 [Worker-20: Download sources and javadoc] INFO  o.e.m.c.i.e.AbstractTransferListenerAdapter - Downloaded https://repo.maven.apache.org/maven2/org/seleniumhq/selenium/selenium-java/4.34.0/selenium-java-4.34.0-sources.jar
2025-09-16 22:19:13,452 [Worker-20: Download sources and javadoc] INFO  o.e.m.j.internal.DownloadSourcesJob - Downloaded sources for org.seleniumhq.selenium:selenium-java:4.34.0
2025-09-16 22:19:13,661 [Worker-20: Download sources and javadoc] INFO  o.e.m.c.i.e.AbstractTransferListenerAdapter - Downloading https://repo.maven.apache.org/maven2/org/seleniumhq/selenium/selenium-api/4.34.0/selenium-api-4.34.0-sources.jar
2025-09-16 22:19:13,826 [Worker-20: Download sources and javadoc] INFO  o.e.m.c.i.e.AbstractTransferListenerAdapter - Downloaded https://repo.maven.apache.org/maven2/org/seleniumhq/selenium/selenium-api/4.34.0/selenium-api-4.34.0-sources.jar
2025-09-16 22:19:13,829 [Worker-20: Download sources and javadoc] INFO  o.e.m.j.internal.DownloadSourcesJob - Downloaded sources for org.seleniumhq.selenium:selenium-api:4.34.0
2025-09-16 22:19:14,079 [Worker-20: Download sources and javadoc] INFO  o.e.m.c.i.e.AbstractTransferListenerAdapter - Downloading https://repo.maven.apache.org/maven2/org/seleniumhq/selenium/selenium-chrome-driver/4.34.0/selenium-chrome-driver-4.34.0-sources.jar
2025-09-16 22:19:14,186 [Worker-20: Download sources and javadoc] INFO  o.e.m.c.i.e.AbstractTransferListenerAdapter - Downloaded https://repo.maven.apache.org/maven2/org/seleniumhq/selenium/selenium-chrome-driver/4.34.0/selenium-chrome-driver-4.34.0-sources.jar
2025-09-16 22:19:14,190 [Worker-20: Download sources and javadoc] INFO  o.e.m.j.internal.DownloadSourcesJob - Downloaded sources for org.seleniumhq.selenium:selenium-chrome-driver:4.34.0
2025-09-16 22:19:14,412 [Worker-20: Download sources and javadoc] INFO  o.e.m.c.i.e.AbstractTransferListenerAdapter - Downloading https://repo.maven.apache.org/maven2/org/seleniumhq/selenium/selenium-chromium-driver/4.34.0/selenium-chromium-driver-4.34.0-sources.jar
2025-09-16 22:19:14,537 [Worker-20: Download sources and javadoc] INFO  o.e.m.c.i.e.AbstractTransferListenerAdapter - Downloaded https://repo.maven.apache.org/maven2/org/seleniumhq/selenium/selenium-chromium-driver/4.34.0/selenium-chromium-driver-4.34.0-sources.jar
2025-09-16 22:19:14,541 [Worker-20: Download sources and javadoc] INFO  o.e.m.j.internal.DownloadSourcesJob - Downloaded sources for org.seleniumhq.selenium:selenium-chromium-driver:4.34.0
2025-09-16 22:19:14,793 [Worker-20: Download sources and javadoc] INFO  o.e.m.c.i.e.AbstractTransferListenerAdapter - Downloading https://repo.maven.apache.org/maven2/org/seleniumhq/selenium/selenium-json/4.34.0/selenium-json-4.34.0-sources.jar
2025-09-16 22:19:14,908 [Worker-20: Download sources and javadoc] INFO  o.e.m.c.i.e.AbstractTransferListenerAdapter - Downloaded https://repo.maven.apache.org/maven2/org/seleniumhq/selenium/selenium-json/4.34.0/selenium-json-4.34.0-sources.jar
2025-09-16 22:19:14,911 [Worker-20: Download sources and javadoc] INFO  o.e.m.j.internal.DownloadSourcesJob - Downloaded sources for org.seleniumhq.selenium:selenium-json:4.34.0
2025-09-16 22:19:15,111 [Worker-20: Download sources and javadoc] INFO  o.e.m.c.i.e.AbstractTransferListenerAdapter - Downloading https://repo.maven.apache.org/maven2/org/seleniumhq/selenium/selenium-manager/4.34.0/selenium-manager-4.34.0-sources.jar
2025-09-16 22:19:15,192 [Worker-20: Download sources and javadoc] INFO  o.e.m.c.i.e.AbstractTransferListenerAdapter - Downloaded https://repo.maven.apache.org/maven2/org/seleniumhq/selenium/selenium-manager/4.34.0/selenium-manager-4.34.0-sources.jar
2025-09-16 22:19:15,196 [Worker-20: Download sources and javadoc] INFO  o.e.m.j.internal.DownloadSourcesJob - Downloaded sources for org.seleniumhq.selenium:selenium-manager:4.34.0
2025-09-16 22:19:15,377 [Worker-20: Download sources and javadoc] INFO  o.e.m.c.i.e.AbstractTransferListenerAdapter - Downloading https://repo.maven.apache.org/maven2/org/seleniumhq/selenium/selenium-devtools-v136/4.34.0/selenium-devtools-v136-4.34.0-sources.jar
2025-09-16 22:19:15,599 [Worker-20: Download sources and javadoc] INFO  o.e.m.c.i.e.AbstractTransferListenerAdapter - Downloaded https://repo.maven.apache.org/maven2/org/seleniumhq/selenium/selenium-devtools-v136/4.34.0/selenium-devtools-v136-4.34.0-sources.jar
2025-09-16 22:19:15,602 [Worker-20: Download sources and javadoc] INFO  o.e.m.j.internal.DownloadSourcesJob - Downloaded sources for org.seleniumhq.selenium:selenium-devtools-v136:4.34.0
2025-09-16 22:19:15,836 [Worker-20: Download sources and javadoc] INFO  o.e.m.c.i.e.AbstractTransferListenerAdapter - Downloading https://repo.maven.apache.org/maven2/org/seleniumhq/selenium/selenium-devtools-v137/4.34.0/selenium-devtools-v137-4.34.0-sources.jar
2025-09-16 22:19:16,142 [Worker-20: Download sources and javadoc] INFO  o.e.m.c.i.e.AbstractTransferListenerAdapter - Downloaded https://repo.maven.apache.org/maven2/org/seleniumhq/selenium/selenium-devtools-v137/4.34.0/selenium-devtools-v137-4.34.0-sources.jar
2025-09-16 22:19:16,146 [Worker-20: Download sources and javadoc] INFO  o.e.m.j.internal.DownloadSourcesJob - Downloaded sources for org.seleniumhq.selenium:selenium-devtools-v137:4.34.0
2025-09-16 22:19:16,316 [Worker-20: Download sources and javadoc] INFO  o.e.m.c.i.e.AbstractTransferListenerAdapter - Downloading https://repo.maven.apache.org/maven2/org/seleniumhq/selenium/selenium-devtools-v138/4.34.0/selenium-devtools-v138-4.34.0-sources.jar
2025-09-16 22:19:16,547 [Worker-20: Download sources and javadoc] INFO  o.e.m.c.i.e.AbstractTransferListenerAdapter - Downloaded https://repo.maven.apache.org/maven2/org/seleniumhq/selenium/selenium-devtools-v138/4.34.0/selenium-devtools-v138-4.34.0-sources.jar
2025-09-16 22:19:16,550 [Worker-20: Download sources and javadoc] INFO  o.e.m.j.internal.DownloadSourcesJob - Downloaded sources for org.seleniumhq.selenium:selenium-devtools-v138:4.34.0
2025-09-16 22:19:16,736 [Worker-20: Download sources and javadoc] INFO  o.e.m.c.i.e.AbstractTransferListenerAdapter - Downloading https://repo.maven.apache.org/maven2/org/seleniumhq/selenium/selenium-edge-driver/4.34.0/selenium-edge-driver-4.34.0-sources.jar
2025-09-16 22:19:16,830 [Worker-20: Download sources and javadoc] INFO  o.e.m.c.i.e.AbstractTransferListenerAdapter - Downloaded https://repo.maven.apache.org/maven2/org/seleniumhq/selenium/selenium-edge-driver/4.34.0/selenium-edge-driver-4.34.0-sources.jar
2025-09-16 22:19:16,833 [Worker-20: Download sources and javadoc] INFO  o.e.m.j.internal.DownloadSourcesJob - Downloaded sources for org.seleniumhq.selenium:selenium-edge-driver:4.34.0
2025-09-16 22:19:17,038 [Worker-20: Download sources and javadoc] INFO  o.e.m.c.i.e.AbstractTransferListenerAdapter - Downloading https://repo.maven.apache.org/maven2/org/seleniumhq/selenium/selenium-firefox-driver/4.34.0/selenium-firefox-driver-4.34.0-sources.jar
2025-09-16 22:19:17,146 [Worker-20: Download sources and javadoc] INFO  o.e.m.c.i.e.AbstractTransferListenerAdapter - Downloaded https://repo.maven.apache.org/maven2/org/seleniumhq/selenium/selenium-firefox-driver/4.34.0/selenium-firefox-driver-4.34.0-sources.jar
2025-09-16 22:19:17,149 [Worker-20: Download sources and javadoc] INFO  o.e.m.j.internal.DownloadSourcesJob - Downloaded sources for org.seleniumhq.selenium:selenium-firefox-driver:4.34.0
2025-09-16 22:19:17,319 [Worker-20: Download sources and javadoc] INFO  o.e.m.c.i.e.AbstractTransferListenerAdapter - Downloading https://repo.maven.apache.org/maven2/org/seleniumhq/selenium/selenium-http/4.34.0/selenium-http-4.34.0-sources.jar
2025-09-16 22:19:17,409 [Worker-20: Download sources and javadoc] INFO  o.e.m.c.i.e.AbstractTransferListenerAdapter - Downloaded https://repo.maven.apache.org/maven2/org/seleniumhq/selenium/selenium-http/4.34.0/selenium-http-4.34.0-sources.jar
2025-09-16 22:19:17,414 [Worker-20: Download sources and javadoc] INFO  o.e.m.j.internal.DownloadSourcesJob - Downloaded sources for org.seleniumhq.selenium:selenium-http:4.34.0
2025-09-16 22:19:17,642 [Worker-20: Download sources and javadoc] INFO  o.e.m.c.i.e.AbstractTransferListenerAdapter - Downloading https://repo.maven.apache.org/maven2/org/seleniumhq/selenium/selenium-ie-driver/4.34.0/selenium-ie-driver-4.34.0-sources.jar
2025-09-16 22:19:17,752 [Worker-20: Download sources and javadoc] INFO  o.e.m.c.i.e.AbstractTransferListenerAdapter - Downloaded https://repo.maven.apache.org/maven2/org/seleniumhq/selenium/selenium-ie-driver/4.34.0/selenium-ie-driver-4.34.0-sources.jar
2025-09-16 22:19:17,756 [Worker-20: Download sources and javadoc] INFO  o.e.m.j.internal.DownloadSourcesJob - Downloaded sources for org.seleniumhq.selenium:selenium-ie-driver:4.34.0
2025-09-16 22:19:17,959 [Worker-20: Download sources and javadoc] INFO  o.e.m.c.i.e.AbstractTransferListenerAdapter - Downloading https://repo.maven.apache.org/maven2/org/seleniumhq/selenium/selenium-remote-driver/4.34.0/selenium-remote-driver-4.34.0-sources.jar
2025-09-16 22:19:18,180 [Worker-20: Download sources and javadoc] INFO  o.e.m.c.i.e.AbstractTransferListenerAdapter - Downloaded https://repo.maven.apache.org/maven2/org/seleniumhq/selenium/selenium-remote-driver/4.34.0/selenium-remote-driver-4.34.0-sources.jar
2025-09-16 22:19:18,183 [Worker-20: Download sources and javadoc] INFO  o.e.m.j.internal.DownloadSourcesJob - Downloaded sources for org.seleniumhq.selenium:selenium-remote-driver:4.34.0
2025-09-16 22:19:18,408 [Worker-20: Download sources and javadoc] INFO  o.e.m.c.i.e.AbstractTransferListenerAdapter - Downloading https://repo.maven.apache.org/maven2/io/opentelemetry/opentelemetry-api/1.51.0/opentelemetry-api-1.51.0-sources.jar
2025-09-16 22:19:18,577 [Worker-20: Download sources and javadoc] INFO  o.e.m.c.i.e.AbstractTransferListenerAdapter - Downloaded https://repo.maven.apache.org/maven2/io/opentelemetry/opentelemetry-api/1.51.0/opentelemetry-api-1.51.0-sources.jar
2025-09-16 22:19:18,579 [Worker-20: Download sources and javadoc] INFO  o.e.m.j.internal.DownloadSourcesJob - Downloaded sources for io.opentelemetry:opentelemetry-api:1.51.0
2025-09-16 22:19:18,808 [Worker-20: Download sources and javadoc] INFO  o.e.m.c.i.e.AbstractTransferListenerAdapter - Downloading https://repo.maven.apache.org/maven2/io/opentelemetry/opentelemetry-context/1.51.0/opentelemetry-context-1.51.0-sources.jar
2025-09-16 22:19:18,918 [Worker-20: Download sources and javadoc] INFO  o.e.m.c.i.e.AbstractTransferListenerAdapter - Downloaded https://repo.maven.apache.org/maven2/io/opentelemetry/opentelemetry-context/1.51.0/opentelemetry-context-1.51.0-sources.jar
2025-09-16 22:19:18,921 [Worker-20: Download sources and javadoc] INFO  o.e.m.j.internal.DownloadSourcesJob - Downloaded sources for io.opentelemetry:opentelemetry-context:1.51.0
2025-09-16 22:19:19,157 [Worker-20: Download sources and javadoc] INFO  o.e.m.c.i.e.AbstractTransferListenerAdapter - Downloading https://repo.maven.apache.org/maven2/io/opentelemetry/opentelemetry-exporter-logging/1.51.0/opentelemetry-exporter-logging-1.51.0-sources.jar
2025-09-16 22:19:19,601 [Worker-20: Download sources and javadoc] INFO  o.e.m.c.i.e.AbstractTransferListenerAdapter - Downloaded https://repo.maven.apache.org/maven2/io/opentelemetry/opentelemetry-exporter-logging/1.51.0/opentelemetry-exporter-logging-1.51.0-sources.jar
2025-09-16 22:19:19,604 [Worker-20: Download sources and javadoc] INFO  o.e.m.j.internal.DownloadSourcesJob - Downloaded sources for io.opentelemetry:opentelemetry-exporter-logging:1.51.0
2025-09-16 22:19:19,804 [Worker-20: Download sources and javadoc] INFO  o.e.m.c.i.e.AbstractTransferListenerAdapter - Downloading https://repo.maven.apache.org/maven2/io/opentelemetry/opentelemetry-sdk-common/1.51.0/opentelemetry-sdk-common-1.51.0-sources.jar
2025-09-16 22:19:19,911 [Worker-20: Download sources and javadoc] INFO  o.e.m.c.i.e.AbstractTransferListenerAdapter - Downloaded https://repo.maven.apache.org/maven2/io/opentelemetry/opentelemetry-sdk-common/1.51.0/opentelemetry-sdk-common-1.51.0-sources.jar
2025-09-16 22:19:19,914 [Worker-20: Download sources and javadoc] INFO  o.e.m.j.internal.DownloadSourcesJob - Downloaded sources for io.opentelemetry:opentelemetry-sdk-common:1.51.0
2025-09-16 22:19:20,083 [Worker-20: Download sources and javadoc] INFO  o.e.m.c.i.e.AbstractTransferListenerAdapter - Downloading https://repo.maven.apache.org/maven2/io/opentelemetry/opentelemetry-sdk-extension-autoconfigure-spi/1.51.0/opentelemetry-sdk-extension-autoconfigure-spi-1.51.0-sources.jar
2025-09-16 22:19:20,165 [Worker-20: Download sources and javadoc] INFO  o.e.m.c.i.e.AbstractTransferListenerAdapter - Downloaded https://repo.maven.apache.org/maven2/io/opentelemetry/opentelemetry-sdk-extension-autoconfigure-spi/1.51.0/opentelemetry-sdk-extension-autoconfigure-spi-1.51.0-sources.jar
2025-09-16 22:19:20,170 [Worker-20: Download sources and javadoc] INFO  o.e.m.j.internal.DownloadSourcesJob - Downloaded sources for io.opentelemetry:opentelemetry-sdk-extension-autoconfigure-spi:1.51.0
2025-09-16 22:19:20,363 [Worker-20: Download sources and javadoc] INFO  o.e.m.c.i.e.AbstractTransferListenerAdapter - Downloading https://repo.maven.apache.org/maven2/io/opentelemetry/opentelemetry-sdk-extension-autoconfigure/1.51.0/opentelemetry-sdk-extension-autoconfigure-1.51.0-sources.jar
2025-09-16 22:19:20,458 [Worker-20: Download sources and javadoc] INFO  o.e.m.c.i.e.AbstractTransferListenerAdapter - Downloaded https://repo.maven.apache.org/maven2/io/opentelemetry/opentelemetry-sdk-extension-autoconfigure/1.51.0/opentelemetry-sdk-extension-autoconfigure-1.51.0-sources.jar
2025-09-16 22:19:20,461 [Worker-20: Download sources and javadoc] INFO  o.e.m.j.internal.DownloadSourcesJob - Downloaded sources for io.opentelemetry:opentelemetry-sdk-extension-autoconfigure:1.51.0
2025-09-16 22:19:20,692 [Worker-20: Download sources and javadoc] INFO  o.e.m.c.i.e.AbstractTransferListenerAdapter - Downloading https://repo.maven.apache.org/maven2/io/opentelemetry/opentelemetry-sdk-trace/1.51.0/opentelemetry-sdk-trace-1.51.0-sources.jar
2025-09-16 22:19:20,829 [Worker-20: Download sources and javadoc] INFO  o.e.m.c.i.e.AbstractTransferListenerAdapter - Downloaded https://repo.maven.apache.org/maven2/io/opentelemetry/opentelemetry-sdk-trace/1.51.0/opentelemetry-sdk-trace-1.51.0-sources.jar
2025-09-16 22:19:20,831 [Worker-20: Download sources and javadoc] INFO  o.e.m.j.internal.DownloadSourcesJob - Downloaded sources for io.opentelemetry:opentelemetry-sdk-trace:1.51.0
2025-09-16 22:19:21,044 [Worker-20: Download sources and javadoc] INFO  o.e.m.c.i.e.AbstractTransferListenerAdapter - Downloading https://repo.maven.apache.org/maven2/io/opentelemetry/opentelemetry-sdk/1.51.0/opentelemetry-sdk-1.51.0-sources.jar
2025-09-16 22:19:21,159 [Worker-20: Download sources and javadoc] INFO  o.e.m.c.i.e.AbstractTransferListenerAdapter - Downloaded https://repo.maven.apache.org/maven2/io/opentelemetry/opentelemetry-sdk/1.51.0/opentelemetry-sdk-1.51.0-sources.jar
2025-09-16 22:19:21,162 [Worker-20: Download sources and javadoc] INFO  o.e.m.j.internal.DownloadSourcesJob - Downloaded sources for io.opentelemetry:opentelemetry-sdk:1.51.0
2025-09-16 22:19:21,347 [Worker-20: Download sources and javadoc] INFO  o.e.m.c.i.e.AbstractTransferListenerAdapter - Downloading https://repo.maven.apache.org/maven2/io/opentelemetry/opentelemetry-sdk-metrics/1.51.0/opentelemetry-sdk-metrics-1.51.0-sources.jar
2025-09-16 22:19:21,529 [Worker-20: Download sources and javadoc] INFO  o.e.m.c.i.e.AbstractTransferListenerAdapter - Downloaded https://repo.maven.apache.org/maven2/io/opentelemetry/opentelemetry-sdk-metrics/1.51.0/opentelemetry-sdk-metrics-1.51.0-sources.jar
2025-09-16 22:19:21,532 [Worker-20: Download sources and javadoc] INFO  o.e.m.j.internal.DownloadSourcesJob - Downloaded sources for io.opentelemetry:opentelemetry-sdk-metrics:1.51.0
2025-09-16 22:19:21,720 [Worker-20: Download sources and javadoc] INFO  o.e.m.c.i.e.AbstractTransferListenerAdapter - Downloading https://repo.maven.apache.org/maven2/io/opentelemetry/opentelemetry-sdk-logs/1.51.0/opentelemetry-sdk-logs-1.51.0-sources.jar
2025-09-16 22:19:21,810 [Worker-20: Download sources and javadoc] INFO  o.e.m.c.i.e.AbstractTransferListenerAdapter - Downloaded https://repo.maven.apache.org/maven2/io/opentelemetry/opentelemetry-sdk-logs/1.51.0/opentelemetry-sdk-logs-1.51.0-sources.jar
2025-09-16 22:19:21,816 [Worker-20: Download sources and javadoc] INFO  o.e.m.j.internal.DownloadSourcesJob - Downloaded sources for io.opentelemetry:opentelemetry-sdk-logs:1.51.0
2025-09-16 22:19:22,059 [Worker-20: Download sources and javadoc] INFO  o.e.m.c.i.e.AbstractTransferListenerAdapter - Downloading https://repo.maven.apache.org/maven2/org/seleniumhq/selenium/selenium-os/4.34.0/selenium-os-4.34.0-sources.jar
2025-09-16 22:19:22,164 [Worker-20: Download sources and javadoc] INFO  o.e.m.c.i.e.AbstractTransferListenerAdapter - Downloaded https://repo.maven.apache.org/maven2/org/seleniumhq/selenium/selenium-os/4.34.0/selenium-os-4.34.0-sources.jar
2025-09-16 22:19:22,169 [Worker-20: Download sources and javadoc] INFO  o.e.m.j.internal.DownloadSourcesJob - Downloaded sources for org.seleniumhq.selenium:selenium-os:4.34.0
2025-09-16 22:19:22,359 [Worker-20: Download sources and javadoc] INFO  o.e.m.c.i.e.AbstractTransferListenerAdapter - Downloading https://repo.maven.apache.org/maven2/org/seleniumhq/selenium/selenium-safari-driver/4.34.0/selenium-safari-driver-4.34.0-sources.jar
2025-09-16 22:19:22,458 [Worker-20: Download sources and javadoc] INFO  o.e.m.c.i.e.AbstractTransferListenerAdapter - Downloaded https://repo.maven.apache.org/maven2/org/seleniumhq/selenium/selenium-safari-driver/4.34.0/selenium-safari-driver-4.34.0-sources.jar
2025-09-16 22:19:22,461 [Worker-20: Download sources and javadoc] INFO  o.e.m.j.internal.DownloadSourcesJob - Downloaded sources for org.seleniumhq.selenium:selenium-safari-driver:4.34.0
2025-09-16 22:19:22,717 [Worker-20: Download sources and javadoc] INFO  o.e.m.c.i.e.AbstractTransferListenerAdapter - Downloading https://repo.maven.apache.org/maven2/org/seleniumhq/selenium/selenium-support/4.34.0/selenium-support-4.34.0-sources.jar
2025-09-16 22:19:22,837 [Worker-20: Download sources and javadoc] INFO  o.e.m.c.i.e.AbstractTransferListenerAdapter - Downloaded https://repo.maven.apache.org/maven2/org/seleniumhq/selenium/selenium-support/4.34.0/selenium-support-4.34.0-sources.jar
2025-09-16 22:19:22,842 [Worker-20: Download sources and javadoc] INFO  o.e.m.j.internal.DownloadSourcesJob - Downloaded sources for org.seleniumhq.selenium:selenium-support:4.34.0
2025-09-16 22:19:23,268 [Worker-16: Building] INFO  o.e.m.c.i.l.LifecycleMappingFactory - Using org.eclipse.m2e.jdt.JarLifecycleMapping lifecycle mapping for MavenProject: com.selenium.basics:selenium-maven-project:0.0.1-SNAPSHOT @ C:\Users\ip-slim-3\eclipse-workspacenew-July25\selenium-maven-project\pom.xml.
2025-09-16 22:19:23,833 [Worker-16: Building] WARN  o.a.m.s.f.DefaultMavenResourcesFiltering - Using platform encoding (UTF-8 actually) to copy filtered resources, i.e. build is platform dependent!
2025-09-16 22:19:23,834 [Worker-16: Building] INFO  o.a.m.s.f.DefaultMavenResourcesFiltering - skip non existing resourceDirectory C:\Users\ip-slim-3\eclipse-workspacenew-July25\selenium-maven-project\src\main\resources
2025-09-16 22:19:23,837 [Worker-16: Building] WARN  o.a.m.s.f.DefaultMavenResourcesFiltering - Using platform encoding (UTF-8 actually) to copy filtered resources, i.e. build is platform dependent!
2025-09-16 22:19:23,838 [Worker-16: Building] INFO  o.a.m.s.f.DefaultMavenResourcesFiltering - skip non existing resourceDirectory C:\Users\ip-slim-3\eclipse-workspacenew-July25\selenium-maven-project\src\test\resources
2025-09-16 22:22:39,604 [Worker-3: Launching mavenrun-3021e15d-2422-416b-8a99-cd9547962acd] INFO  o.eclipse.m2e.core.internal.Bundles - getClasspathEntries(Bundle=org.eclipse.m2e.maven.runtime_3.9.400.20230826-0755 [295])
2025-09-16 22:22:39,607 [Worker-3: Launching mavenrun-3021e15d-2422-416b-8a99-cd9547962acd] INFO  o.eclipse.m2e.core.internal.Bundles - 	Entry: C:\Users\ip-slim-3\.p2\pool\plugins\org.eclipse.m2e.maven.runtime_3.9.400.20230826-0755
2025-09-16 22:22:39,608 [Worker-3: Launching mavenrun-3021e15d-2422-416b-8a99-cd9547962acd] INFO  o.eclipse.m2e.core.internal.Bundles - 	Entry: C:\Users\ip-slim-3\.p2\pool\plugins\org.eclipse.m2e.maven.runtime_3.9.400.20230826-0755\jars\aether-connector-okhttp-0.17.8.jar
2025-09-16 22:22:39,609 [Worker-3: Launching mavenrun-3021e15d-2422-416b-8a99-cd9547962acd] INFO  o.eclipse.m2e.core.internal.Bundles - 	Entry: C:\Users\ip-slim-3\.p2\pool\plugins\org.eclipse.m2e.maven.runtime_3.9.400.20230826-0755\jars\aopalliance-1.0.jar
2025-09-16 22:22:39,612 [Worker-3: Launching mavenrun-3021e15d-2422-416b-8a99-cd9547962acd] INFO  o.eclipse.m2e.core.internal.Bundles - 	Entry: C:\Users\ip-slim-3\.p2\pool\plugins\org.eclipse.m2e.maven.runtime_3.9.400.20230826-0755\jars\commons-lang3-3.12.0.jar
2025-09-16 22:22:39,613 [Worker-3: Launching mavenrun-3021e15d-2422-416b-8a99-cd9547962acd] INFO  o.eclipse.m2e.core.internal.Bundles - 	Entry: C:\Users\ip-slim-3\.p2\pool\plugins\org.eclipse.m2e.maven.runtime_3.9.400.20230826-0755\jars\guice-5.1.0.jar
2025-09-16 22:22:39,614 [Worker-3: Launching mavenrun-3021e15d-2422-416b-8a99-cd9547962acd] INFO  o.eclipse.m2e.core.internal.Bundles - 	Entry: C:\Users\ip-slim-3\.p2\pool\plugins\org.eclipse.m2e.maven.runtime_3.9.400.20230826-0755\jars\jansi-2.4.0.jar
2025-09-16 22:22:39,615 [Worker-3: Launching mavenrun-3021e15d-2422-416b-8a99-cd9547962acd] INFO  o.eclipse.m2e.core.internal.Bundles - 	Entry: C:\Users\ip-slim-3\.p2\pool\plugins\org.eclipse.m2e.maven.runtime_3.9.400.20230826-0755\jars\maven-artifact-3.9.4.jar
2025-09-16 22:22:39,616 [Worker-3: Launching mavenrun-3021e15d-2422-416b-8a99-cd9547962acd] INFO  o.eclipse.m2e.core.internal.Bundles - 	Entry: C:\Users\ip-slim-3\.p2\pool\plugins\org.eclipse.m2e.maven.runtime_3.9.400.20230826-0755\jars\maven-builder-support-3.9.4.jar
2025-09-16 22:22:39,616 [Worker-3: Launching mavenrun-3021e15d-2422-416b-8a99-cd9547962acd] INFO  o.eclipse.m2e.core.internal.Bundles - 	Entry: C:\Users\ip-slim-3\.p2\pool\plugins\org.eclipse.m2e.maven.runtime_3.9.400.20230826-0755\jars\maven-compat-3.9.4.jar
2025-09-16 22:22:39,617 [Worker-3: Launching mavenrun-3021e15d-2422-416b-8a99-cd9547962acd] INFO  o.eclipse.m2e.core.internal.Bundles - 	Entry: C:\Users\ip-slim-3\.p2\pool\plugins\org.eclipse.m2e.maven.runtime_3.9.400.20230826-0755\jars\maven-core-3.9.4.jar
2025-09-16 22:22:39,617 [Worker-3: Launching mavenrun-3021e15d-2422-416b-8a99-cd9547962acd] INFO  o.eclipse.m2e.core.internal.Bundles - 	Entry: C:\Users\ip-slim-3\.p2\pool\plugins\org.eclipse.m2e.maven.runtime_3.9.400.20230826-0755\jars\maven-embedder-3.9.4.jar
2025-09-16 22:22:39,617 [Worker-3: Launching mavenrun-3021e15d-2422-416b-8a99-cd9547962acd] INFO  o.eclipse.m2e.core.internal.Bundles - 	Entry: C:\Users\ip-slim-3\.p2\pool\plugins\org.eclipse.m2e.maven.runtime_3.9.400.20230826-0755\jars\maven-model-3.9.4.jar
2025-09-16 22:22:39,618 [Worker-3: Launching mavenrun-3021e15d-2422-416b-8a99-cd9547962acd] INFO  o.eclipse.m2e.core.internal.Bundles - 	Entry: C:\Users\ip-slim-3\.p2\pool\plugins\org.eclipse.m2e.maven.runtime_3.9.400.20230826-0755\jars\maven-model-builder-3.9.4.jar
2025-09-16 22:22:39,618 [Worker-3: Launching mavenrun-3021e15d-2422-416b-8a99-cd9547962acd] INFO  o.eclipse.m2e.core.internal.Bundles - 	Entry: C:\Users\ip-slim-3\.p2\pool\plugins\org.eclipse.m2e.maven.runtime_3.9.400.20230826-0755\jars\maven-plugin-api-3.9.4.jar
2025-09-16 22:22:39,619 [Worker-3: Launching mavenrun-3021e15d-2422-416b-8a99-cd9547962acd] INFO  o.eclipse.m2e.core.internal.Bundles - 	Entry: C:\Users\ip-slim-3\.p2\pool\plugins\org.eclipse.m2e.maven.runtime_3.9.400.20230826-0755\jars\maven-repository-metadata-3.9.4.jar
2025-09-16 22:22:39,620 [Worker-3: Launching mavenrun-3021e15d-2422-416b-8a99-cd9547962acd] INFO  o.eclipse.m2e.core.internal.Bundles - 	Entry: C:\Users\ip-slim-3\.p2\pool\plugins\org.eclipse.m2e.maven.runtime_3.9.400.20230826-0755\jars\maven-resolver-api-1.9.14.jar
2025-09-16 22:22:39,620 [Worker-3: Launching mavenrun-3021e15d-2422-416b-8a99-cd9547962acd] INFO  o.eclipse.m2e.core.internal.Bundles - 	Entry: C:\Users\ip-slim-3\.p2\pool\plugins\org.eclipse.m2e.maven.runtime_3.9.400.20230826-0755\jars\maven-resolver-connector-basic-1.9.14.jar
2025-09-16 22:22:39,621 [Worker-3: Launching mavenrun-3021e15d-2422-416b-8a99-cd9547962acd] INFO  o.eclipse.m2e.core.internal.Bundles - 	Entry: C:\Users\ip-slim-3\.p2\pool\plugins\org.eclipse.m2e.maven.runtime_3.9.400.20230826-0755\jars\maven-resolver-impl-1.9.14.jar
2025-09-16 22:22:39,621 [Worker-3: Launching mavenrun-3021e15d-2422-416b-8a99-cd9547962acd] INFO  o.eclipse.m2e.core.internal.Bundles - 	Entry: C:\Users\ip-slim-3\.p2\pool\plugins\org.eclipse.m2e.maven.runtime_3.9.400.20230826-0755\jars\maven-resolver-named-locks-1.9.14.jar
2025-09-16 22:22:39,622 [Worker-3: Launching mavenrun-3021e15d-2422-416b-8a99-cd9547962acd] INFO  o.eclipse.m2e.core.internal.Bundles - 	Entry: C:\Users\ip-slim-3\.p2\pool\plugins\org.eclipse.m2e.maven.runtime_3.9.400.20230826-0755\jars\maven-resolver-provider-3.9.4.jar
2025-09-16 22:22:39,623 [Worker-3: Launching mavenrun-3021e15d-2422-416b-8a99-cd9547962acd] INFO  o.eclipse.m2e.core.internal.Bundles - 	Entry: C:\Users\ip-slim-3\.p2\pool\plugins\org.eclipse.m2e.maven.runtime_3.9.400.20230826-0755\jars\maven-resolver-spi-1.9.14.jar
2025-09-16 22:22:39,624 [Worker-3: Launching mavenrun-3021e15d-2422-416b-8a99-cd9547962acd] INFO  o.eclipse.m2e.core.internal.Bundles - 	Entry: C:\Users\ip-slim-3\.p2\pool\plugins\org.eclipse.m2e.maven.runtime_3.9.400.20230826-0755\jars\maven-resolver-transport-wagon-1.9.14.jar
2025-09-16 22:22:39,625 [Worker-3: Launching mavenrun-3021e15d-2422-416b-8a99-cd9547962acd] INFO  o.eclipse.m2e.core.internal.Bundles - 	Entry: C:\Users\ip-slim-3\.p2\pool\plugins\org.eclipse.m2e.maven.runtime_3.9.400.20230826-0755\jars\maven-resolver-util-1.9.14.jar
2025-09-16 22:22:39,625 [Worker-3: Launching mavenrun-3021e15d-2422-416b-8a99-cd9547962acd] INFO  o.eclipse.m2e.core.internal.Bundles - 	Entry: C:\Users\ip-slim-3\.p2\pool\plugins\org.eclipse.m2e.maven.runtime_3.9.400.20230826-0755\jars\maven-settings-3.9.4.jar
2025-09-16 22:22:39,625 [Worker-3: Launching mavenrun-3021e15d-2422-416b-8a99-cd9547962acd] INFO  o.eclipse.m2e.core.internal.Bundles - 	Entry: C:\Users\ip-slim-3\.p2\pool\plugins\org.eclipse.m2e.maven.runtime_3.9.400.20230826-0755\jars\maven-settings-builder-3.9.4.jar
2025-09-16 22:22:39,626 [Worker-3: Launching mavenrun-3021e15d-2422-416b-8a99-cd9547962acd] INFO  o.eclipse.m2e.core.internal.Bundles - 	Entry: C:\Users\ip-slim-3\.p2\pool\plugins\org.eclipse.m2e.maven.runtime_3.9.400.20230826-0755\jars\maven-shared-utils-3.3.4.jar
2025-09-16 22:22:39,626 [Worker-3: Launching mavenrun-3021e15d-2422-416b-8a99-cd9547962acd] INFO  o.eclipse.m2e.core.internal.Bundles - 	Entry: C:\Users\ip-slim-3\.p2\pool\plugins\org.eclipse.m2e.maven.runtime_3.9.400.20230826-0755\jars\okhttp-3.14.1.jar
2025-09-16 22:22:39,627 [Worker-3: Launching mavenrun-3021e15d-2422-416b-8a99-cd9547962acd] INFO  o.eclipse.m2e.core.internal.Bundles - 	Entry: C:\Users\ip-slim-3\.p2\pool\plugins\org.eclipse.m2e.maven.runtime_3.9.400.20230826-0755\jars\okio-1.17.3.jar
2025-09-16 22:22:39,627 [Worker-3: Launching mavenrun-3021e15d-2422-416b-8a99-cd9547962acd] INFO  o.eclipse.m2e.core.internal.Bundles - 	Entry: C:\Users\ip-slim-3\.p2\pool\plugins\org.eclipse.m2e.maven.runtime_3.9.400.20230826-0755\jars\org.eclipse.sisu.inject-0.3.5.jar
2025-09-16 22:22:39,627 [Worker-3: Launching mavenrun-3021e15d-2422-416b-8a99-cd9547962acd] INFO  o.eclipse.m2e.core.internal.Bundles - 	Entry: C:\Users\ip-slim-3\.p2\pool\plugins\org.eclipse.m2e.maven.runtime_3.9.400.20230826-0755\jars\org.eclipse.sisu.plexus-0.3.5.jar
2025-09-16 22:22:39,627 [Worker-3: Launching mavenrun-3021e15d-2422-416b-8a99-cd9547962acd] INFO  o.eclipse.m2e.core.internal.Bundles - 	Entry: C:\Users\ip-slim-3\.p2\pool\plugins\org.eclipse.m2e.maven.runtime_3.9.400.20230826-0755\jars\plexus-build-api-0.0.7.jar
2025-09-16 22:22:39,628 [Worker-3: Launching mavenrun-3021e15d-2422-416b-8a99-cd9547962acd] INFO  o.eclipse.m2e.core.internal.Bundles - 	Entry: C:\Users\ip-slim-3\.p2\pool\plugins\org.eclipse.m2e.maven.runtime_3.9.400.20230826-0755\jars\plexus-cipher-2.0.jar
2025-09-16 22:22:39,628 [Worker-3: Launching mavenrun-3021e15d-2422-416b-8a99-cd9547962acd] INFO  o.eclipse.m2e.core.internal.Bundles - 	Entry: C:\Users\ip-slim-3\.p2\pool\plugins\org.eclipse.m2e.maven.runtime_3.9.400.20230826-0755\jars\plexus-classworlds-2.7.0.jar
2025-09-16 22:22:39,628 [Worker-3: Launching mavenrun-3021e15d-2422-416b-8a99-cd9547962acd] INFO  o.eclipse.m2e.core.internal.Bundles - 	Entry: C:\Users\ip-slim-3\.p2\pool\plugins\org.eclipse.m2e.maven.runtime_3.9.400.20230826-0755\jars\plexus-component-annotations-2.1.0.jar
2025-09-16 22:22:39,628 [Worker-3: Launching mavenrun-3021e15d-2422-416b-8a99-cd9547962acd] INFO  o.eclipse.m2e.core.internal.Bundles - 	Entry: C:\Users\ip-slim-3\.p2\pool\plugins\org.eclipse.m2e.maven.runtime_3.9.400.20230826-0755\jars\plexus-interpolation-1.26.jar
2025-09-16 22:22:39,629 [Worker-3: Launching mavenrun-3021e15d-2422-416b-8a99-cd9547962acd] INFO  o.eclipse.m2e.core.internal.Bundles - 	Entry: C:\Users\ip-slim-3\.p2\pool\plugins\org.eclipse.m2e.maven.runtime_3.9.400.20230826-0755\jars\plexus-sec-dispatcher-2.0.jar
2025-09-16 22:22:39,629 [Worker-3: Launching mavenrun-3021e15d-2422-416b-8a99-cd9547962acd] INFO  o.eclipse.m2e.core.internal.Bundles - 	Entry: C:\Users\ip-slim-3\.p2\pool\plugins\org.eclipse.m2e.maven.runtime_3.9.400.20230826-0755\jars\plexus-utils-3.5.1.jar
2025-09-16 22:22:39,629 [Worker-3: Launching mavenrun-3021e15d-2422-416b-8a99-cd9547962acd] INFO  o.eclipse.m2e.core.internal.Bundles - 	Entry: C:\Users\ip-slim-3\.p2\pool\plugins\org.eclipse.m2e.maven.runtime_3.9.400.20230826-0755\jars\wagon-file-3.5.3.jar
2025-09-16 22:22:39,629 [Worker-3: Launching mavenrun-3021e15d-2422-416b-8a99-cd9547962acd] INFO  o.eclipse.m2e.core.internal.Bundles - 	Entry: C:\Users\ip-slim-3\.p2\pool\plugins\org.eclipse.m2e.maven.runtime_3.9.400.20230826-0755\jars\wagon-provider-api-3.5.3.jar
2025-09-16 22:22:39,631 [Worker-3: Launching mavenrun-3021e15d-2422-416b-8a99-cd9547962acd] INFO  o.eclipse.m2e.core.internal.Bundles - getClasspathEntries(Bundle=com.google.guava_32.1.2.jre [10])
2025-09-16 22:22:39,632 [Worker-3: Launching mavenrun-3021e15d-2422-416b-8a99-cd9547962acd] INFO  o.eclipse.m2e.core.internal.Bundles - 	Entry: C:\Users\ip-slim-3\.p2\pool\plugins\com.google.guava_32.1.2.jre.jar
2025-09-16 22:22:39,632 [Worker-3: Launching mavenrun-3021e15d-2422-416b-8a99-cd9547962acd] INFO  o.eclipse.m2e.core.internal.Bundles - getClasspathEntries(Bundle=slf4j.api_2.0.11 [546])
2025-09-16 22:22:39,632 [Worker-3: Launching mavenrun-3021e15d-2422-416b-8a99-cd9547962acd] INFO  o.eclipse.m2e.core.internal.Bundles - 	Entry: C:\Users\ip-slim-3\.p2\pool\plugins\slf4j.api_2.0.11.jar
2025-09-16 22:22:39,632 [Worker-3: Launching mavenrun-3021e15d-2422-416b-8a99-cd9547962acd] INFO  o.eclipse.m2e.core.internal.Bundles - getClasspathEntries(Bundle=javax.inject_1.0.0.v20220405-0441 [26])
2025-09-16 22:22:39,632 [Worker-3: Launching mavenrun-3021e15d-2422-416b-8a99-cd9547962acd] INFO  o.eclipse.m2e.core.internal.Bundles - 	Entry: C:\Users\ip-slim-3\.p2\pool\plugins\javax.inject_1.0.0.v20220405-0441.jar
2025-09-16 22:22:39,632 [Worker-3: Launching mavenrun-3021e15d-2422-416b-8a99-cd9547962acd] INFO  o.eclipse.m2e.core.internal.Bundles - getClasspathEntries(Bundle=javax.annotation_1.3.5.v20200909-1856 [24])
2025-09-16 22:22:39,632 [Worker-3: Launching mavenrun-3021e15d-2422-416b-8a99-cd9547962acd] INFO  o.eclipse.m2e.core.internal.Bundles - 	Entry: C:\Users\ip-slim-3\.p2\pool\plugins\javax.annotation_1.3.5.v20200909-1856.jar
2025-09-16 22:22:39,632 [Worker-3: Launching mavenrun-3021e15d-2422-416b-8a99-cd9547962acd] INFO  o.eclipse.m2e.core.internal.Bundles - getClasspathEntries(Bundle=org.apache.commons.cli_1.5.0 [49])
2025-09-16 22:22:39,634 [Worker-3: Launching mavenrun-3021e15d-2422-416b-8a99-cd9547962acd] INFO  o.eclipse.m2e.core.internal.Bundles - 	Entry: C:\Users\ip-slim-3\.p2\pool\plugins\org.apache.commons.cli_1.5.0.jar
2025-09-16 22:22:39,634 [Worker-3: Launching mavenrun-3021e15d-2422-416b-8a99-cd9547962acd] INFO  o.eclipse.m2e.core.internal.Bundles - getClasspathEntries(Bundle=com.google.guava.failureaccess_1.0.1 [12])
2025-09-16 22:22:39,634 [Worker-3: Launching mavenrun-3021e15d-2422-416b-8a99-cd9547962acd] INFO  o.eclipse.m2e.core.internal.Bundles - 	Entry: C:\Users\ip-slim-3\.p2\pool\plugins\com.google.guava.failureaccess_1.0.1.jar
2025-09-16 22:22:39,645 [Worker-3: Launching mavenrun-3021e15d-2422-416b-8a99-cd9547962acd] INFO  o.e.m.i.launch.MavenLaunchDelegate - Run build in "C:\Users\IP-SLI~1\AppData\Local\Temp\m2e-archetypeGenerator10376953476027317038":
2025-09-16 22:22:39,651 [Worker-3: Launching mavenrun-3021e15d-2422-416b-8a99-cd9547962acd] INFO  o.e.m.i.launch.MavenLaunchDelegate -  mvn  -DjavaCompilerVersion=17 -DjunitVersion=5.11.0 -DarchetypeGroupId=org.apache.maven.archetypes -DarchetypeArtifactId=maven-archetype-quickstart -DarchetypeVersion=1.5 -DgroupId=com.selenium.basics -DartifactId=demo -Dversion=0.0.1-SNAPSHOT -Dpackage=com.selenium.basics.demo -DoutputDirectory=C:\Users\ip-slim-3\eclipse-workspacenew-July25 -Dstyle.color=always -U archetype:generate
2025-09-16 22:23:16,047 [Worker-25: Creating maven-archetype-quickstart] INFO  o.e.m.c.i.p.ProjectConfigurationManager - Collecting project info '/pom.xml' C:\Users\ip-slim-3\eclipse-workspacenew-July25\demo\pom.xml
2025-09-16 22:23:16,352 [Worker-25: Creating maven-archetype-quickstart] INFO  o.e.m.c.i.l.LifecycleMappingFactory - Using org.eclipse.m2e.jdt.JarLifecycleMapping lifecycle mapping for MavenProject: com.selenium.basics:demo:0.0.1-SNAPSHOT @ C:\Users\ip-slim-3\eclipse-workspacenew-July25\demo\pom.xml.
2025-09-16 22:23:16,803 [Worker-25: Creating maven-archetype-quickstart] INFO  o.e.m.j.i.AbstractJavaProjectConfigurator - Adding source folder /demo/src/main/java
2025-09-16 22:23:16,805 [Worker-25: Creating maven-archetype-quickstart] INFO  o.e.m.j.i.AbstractJavaProjectConfigurator - Adding resource folder /demo/src/main/resources
2025-09-16 22:23:16,811 [Worker-25: Creating maven-archetype-quickstart] INFO  o.e.m.j.i.AbstractJavaProjectConfigurator - Adding source folder /demo/src/test/java
2025-09-16 22:23:16,811 [Worker-25: Creating maven-archetype-quickstart] INFO  o.e.m.j.i.AbstractJavaProjectConfigurator - Adding resource folder /demo/src/test/resources
2025-09-16 22:23:16,814 [Worker-25: Creating maven-archetype-quickstart] ERROR o.e.m.j.i.AbstractJavaProjectConfigurator - Failed to find a compatible VM for environment id 'JavaSE-17', falling back to workspace default
2025-09-16 22:23:16,897 [Worker-25: Creating maven-archetype-quickstart] INFO  o.e.m.c.i.p.ProjectConfigurationManager - Imported and configured 1 project(s) in 0 sec
2025-09-16 22:23:17,790 [Worker-31: Building] INFO  o.a.m.s.f.DefaultMavenResourcesFiltering - skip non existing resourceDirectory C:\Users\ip-slim-3\eclipse-workspacenew-July25\demo\src\main\resources
2025-09-16 22:23:17,794 [Worker-31: Building] INFO  o.a.m.s.f.DefaultMavenResourcesFiltering - skip non existing resourceDirectory C:\Users\ip-slim-3\eclipse-workspacenew-July25\demo\src\test\resources
2025-09-18 21:11:55,085 [Worker-3: Loading available Gradle versions] INFO  o.e.b.c.i.u.g.PublishedGradleVersions - Gradle version information cache is out-of-date. Trying to update.
2025-09-18 21:15:34,788 [Worker-21: Building] INFO  o.e.m.c.i.l.LifecycleMappingFactory - Using org.eclipse.m2e.jdt.JarLifecycleMapping lifecycle mapping for MavenProject: com.selenium.basics:selenium-maven-project:0.0.1-SNAPSHOT @ C:\Users\ip-slim-3\eclipse-workspacenew-July25\selenium-maven-project\pom.xml.
2025-09-18 21:15:35,722 [Worker-21: Building] WARN  o.a.m.s.f.DefaultMavenResourcesFiltering - Using platform encoding (UTF-8 actually) to copy filtered resources, i.e. build is platform dependent!
2025-09-18 21:15:35,725 [Worker-21: Building] INFO  o.a.m.s.f.DefaultMavenResourcesFiltering - skip non existing resourceDirectory C:\Users\ip-slim-3\eclipse-workspacenew-July25\selenium-maven-project\src\main\resources
2025-09-18 21:15:35,728 [Worker-21: Building] WARN  o.a.m.s.f.DefaultMavenResourcesFiltering - Using platform encoding (UTF-8 actually) to copy filtered resources, i.e. build is platform dependent!
2025-09-18 21:15:35,729 [Worker-21: Building] INFO  o.a.m.s.f.DefaultMavenResourcesFiltering - skip non existing resourceDirectory C:\Users\ip-slim-3\eclipse-workspacenew-July25\selenium-maven-project\src\test\resources
2025-09-18 21:21:52,157 [Worker-9: Building] WARN  o.a.m.s.f.DefaultMavenResourcesFiltering - Using platform encoding (UTF-8 actually) to copy filtered resources, i.e. build is platform dependent!
2025-09-18 21:21:52,158 [Worker-9: Building] INFO  o.a.m.s.f.DefaultMavenResourcesFiltering - skip non existing resourceDirectory C:\Users\ip-slim-3\eclipse-workspacenew-July25\selenium-maven-project\src\main\resources
2025-09-18 21:21:52,161 [Worker-9: Building] WARN  o.a.m.s.f.DefaultMavenResourcesFiltering - Using platform encoding (UTF-8 actually) to copy filtered resources, i.e. build is platform dependent!
2025-09-18 21:21:52,162 [Worker-9: Building] INFO  o.a.m.s.f.DefaultMavenResourcesFiltering - skip non existing resourceDirectory C:\Users\ip-slim-3\eclipse-workspacenew-July25\selenium-maven-project\src\test\resources
2025-09-18 21:21:57,817 [Worker-24: Building] WARN  o.a.m.s.f.DefaultMavenResourcesFiltering - Using platform encoding (UTF-8 actually) to copy filtered resources, i.e. build is platform dependent!
2025-09-18 21:21:57,820 [Worker-24: Building] INFO  o.a.m.s.f.DefaultMavenResourcesFiltering - skip non existing resourceDirectory C:\Users\ip-slim-3\eclipse-workspacenew-July25\selenium-maven-project\src\main\resources
2025-09-18 21:21:57,824 [Worker-24: Building] WARN  o.a.m.s.f.DefaultMavenResourcesFiltering - Using platform encoding (UTF-8 actually) to copy filtered resources, i.e. build is platform dependent!
2025-09-18 21:21:57,825 [Worker-24: Building] INFO  o.a.m.s.f.DefaultMavenResourcesFiltering - skip non existing resourceDirectory C:\Users\ip-slim-3\eclipse-workspacenew-July25\selenium-maven-project\src\test\resources
2025-09-18 21:22:47,441 [Worker-23: Building] WARN  o.a.m.s.f.DefaultMavenResourcesFiltering - Using platform encoding (UTF-8 actually) to copy filtered resources, i.e. build is platform dependent!
2025-09-18 21:22:47,442 [Worker-23: Building] INFO  o.a.m.s.f.DefaultMavenResourcesFiltering - skip non existing resourceDirectory C:\Users\ip-slim-3\eclipse-workspacenew-July25\selenium-maven-project\src\main\resources
2025-09-18 21:22:47,447 [Worker-23: Building] WARN  o.a.m.s.f.DefaultMavenResourcesFiltering - Using platform encoding (UTF-8 actually) to copy filtered resources, i.e. build is platform dependent!
2025-09-18 21:22:47,448 [Worker-23: Building] INFO  o.a.m.s.f.DefaultMavenResourcesFiltering - skip non existing resourceDirectory C:\Users\ip-slim-3\eclipse-workspacenew-July25\selenium-maven-project\src\test\resources
2025-09-18 21:22:55,052 [Worker-24: Building] WARN  o.a.m.s.f.DefaultMavenResourcesFiltering - Using platform encoding (UTF-8 actually) to copy filtered resources, i.e. build is platform dependent!
2025-09-18 21:22:55,054 [Worker-24: Building] INFO  o.a.m.s.f.DefaultMavenResourcesFiltering - skip non existing resourceDirectory C:\Users\ip-slim-3\eclipse-workspacenew-July25\selenium-maven-project\src\main\resources
2025-09-18 21:22:55,056 [Worker-24: Building] WARN  o.a.m.s.f.DefaultMavenResourcesFiltering - Using platform encoding (UTF-8 actually) to copy filtered resources, i.e. build is platform dependent!
2025-09-18 21:22:55,057 [Worker-24: Building] INFO  o.a.m.s.f.DefaultMavenResourcesFiltering - skip non existing resourceDirectory C:\Users\ip-slim-3\eclipse-workspacenew-July25\selenium-maven-project\src\test\resources
2025-09-18 21:25:07,830 [Worker-24: Building] WARN  o.a.m.s.f.DefaultMavenResourcesFiltering - Using platform encoding (UTF-8 actually) to copy filtered resources, i.e. build is platform dependent!
2025-09-18 21:25:07,831 [Worker-24: Building] INFO  o.a.m.s.f.DefaultMavenResourcesFiltering - skip non existing resourceDirectory C:\Users\ip-slim-3\eclipse-workspacenew-July25\selenium-maven-project\src\main\resources
2025-09-18 21:25:07,833 [Worker-24: Building] WARN  o.a.m.s.f.DefaultMavenResourcesFiltering - Using platform encoding (UTF-8 actually) to copy filtered resources, i.e. build is platform dependent!
2025-09-18 21:25:07,834 [Worker-24: Building] INFO  o.a.m.s.f.DefaultMavenResourcesFiltering - skip non existing resourceDirectory C:\Users\ip-slim-3\eclipse-workspacenew-July25\selenium-maven-project\src\test\resources
2025-09-18 21:25:51,716 [Worker-26: Building] INFO  o.e.m.c.i.l.LifecycleMappingFactory - Using org.eclipse.m2e.jdt.JarLifecycleMapping lifecycle mapping for MavenProject: com.selenium.basics:selenium-maven-project:0.0.1-SNAPSHOT @ C:\Users\ip-slim-3\eclipse-workspacenew-July25\selenium-maven-project\pom.xml.
2025-09-18 21:25:51,896 [Worker-26: Building] WARN  o.a.m.s.f.DefaultMavenResourcesFiltering - Using platform encoding (UTF-8 actually) to copy filtered resources, i.e. build is platform dependent!
2025-09-18 21:25:51,898 [Worker-26: Building] INFO  o.a.m.s.f.DefaultMavenResourcesFiltering - skip non existing resourceDirectory C:\Users\ip-slim-3\eclipse-workspacenew-July25\selenium-maven-project\src\main\resources
2025-09-18 21:25:51,902 [Worker-26: Building] WARN  o.a.m.s.f.DefaultMavenResourcesFiltering - Using platform encoding (UTF-8 actually) to copy filtered resources, i.e. build is platform dependent!
2025-09-18 21:25:51,903 [Worker-26: Building] INFO  o.a.m.s.f.DefaultMavenResourcesFiltering - skip non existing resourceDirectory C:\Users\ip-slim-3\eclipse-workspacenew-July25\selenium-maven-project\src\test\resources
2025-09-18 21:26:00,631 [Worker-25: Building] WARN  o.a.m.s.f.DefaultMavenResourcesFiltering - Using platform encoding (UTF-8 actually) to copy filtered resources, i.e. build is platform dependent!
2025-09-18 21:26:00,632 [Worker-25: Building] INFO  o.a.m.s.f.DefaultMavenResourcesFiltering - skip non existing resourceDirectory C:\Users\ip-slim-3\eclipse-workspacenew-July25\selenium-maven-project\src\main\resources
2025-09-18 21:26:00,634 [Worker-25: Building] WARN  o.a.m.s.f.DefaultMavenResourcesFiltering - Using platform encoding (UTF-8 actually) to copy filtered resources, i.e. build is platform dependent!
2025-09-18 21:26:00,635 [Worker-25: Building] INFO  o.a.m.s.f.DefaultMavenResourcesFiltering - skip non existing resourceDirectory C:\Users\ip-slim-3\eclipse-workspacenew-July25\selenium-maven-project\src\test\resources
2025-09-18 21:26:41,288 [Worker-24: Building] INFO  o.e.m.c.i.l.LifecycleMappingFactory - Using org.eclipse.m2e.jdt.JarLifecycleMapping lifecycle mapping for MavenProject: com.selenium.basics:selenium-maven-project:0.0.1-SNAPSHOT @ C:\Users\ip-slim-3\eclipse-workspacenew-July25\selenium-maven-project\pom.xml.
2025-09-18 21:26:41,667 [Worker-24: Building] WARN  o.a.m.s.f.DefaultMavenResourcesFiltering - Using platform encoding (UTF-8 actually) to copy filtered resources, i.e. build is platform dependent!
2025-09-18 21:26:41,667 [Worker-24: Building] INFO  o.a.m.s.f.DefaultMavenResourcesFiltering - skip non existing resourceDirectory C:\Users\ip-slim-3\eclipse-workspacenew-July25\selenium-maven-project\src\main\resources
2025-09-18 21:26:41,672 [Worker-24: Building] WARN  o.a.m.s.f.DefaultMavenResourcesFiltering - Using platform encoding (UTF-8 actually) to copy filtered resources, i.e. build is platform dependent!
2025-09-18 21:26:41,674 [Worker-24: Building] INFO  o.a.m.s.f.DefaultMavenResourcesFiltering - skip non existing resourceDirectory C:\Users\ip-slim-3\eclipse-workspacenew-July25\selenium-maven-project\src\test\resources
2025-09-18 21:27:13,853 [Worker-26: Building] WARN  o.a.m.s.f.DefaultMavenResourcesFiltering - Using platform encoding (UTF-8 actually) to copy filtered resources, i.e. build is platform dependent!
2025-09-18 21:27:13,854 [Worker-26: Building] INFO  o.a.m.s.f.DefaultMavenResourcesFiltering - skip non existing resourceDirectory C:\Users\ip-slim-3\eclipse-workspacenew-July25\selenium-maven-project\src\main\resources
2025-09-18 21:27:13,856 [Worker-26: Building] WARN  o.a.m.s.f.DefaultMavenResourcesFiltering - Using platform encoding (UTF-8 actually) to copy filtered resources, i.e. build is platform dependent!
2025-09-18 21:27:13,857 [Worker-26: Building] INFO  o.a.m.s.f.DefaultMavenResourcesFiltering - skip non existing resourceDirectory C:\Users\ip-slim-3\eclipse-workspacenew-July25\selenium-maven-project\src\test\resources
2025-09-18 21:27:22,855 [Worker-26: Building] WARN  o.a.m.s.f.DefaultMavenResourcesFiltering - Using platform encoding (UTF-8 actually) to copy filtered resources, i.e. build is platform dependent!
2025-09-18 21:27:22,857 [Worker-26: Building] INFO  o.a.m.s.f.DefaultMavenResourcesFiltering - skip non existing resourceDirectory C:\Users\ip-slim-3\eclipse-workspacenew-July25\selenium-maven-project\src\main\resources
2025-09-18 21:27:22,859 [Worker-26: Building] WARN  o.a.m.s.f.DefaultMavenResourcesFiltering - Using platform encoding (UTF-8 actually) to copy filtered resources, i.e. build is platform dependent!
2025-09-18 21:27:22,860 [Worker-26: Building] INFO  o.a.m.s.f.DefaultMavenResourcesFiltering - skip non existing resourceDirectory C:\Users\ip-slim-3\eclipse-workspacenew-July25\selenium-maven-project\src\test\resources
2025-09-18 21:30:03,243 [Worker-25: Building] WARN  o.a.m.s.f.DefaultMavenResourcesFiltering - Using platform encoding (UTF-8 actually) to copy filtered resources, i.e. build is platform dependent!
2025-09-18 21:30:03,244 [Worker-25: Building] INFO  o.a.m.s.f.DefaultMavenResourcesFiltering - skip non existing resourceDirectory C:\Users\ip-slim-3\eclipse-workspacenew-July25\selenium-maven-project\src\main\resources
2025-09-18 21:30:03,248 [Worker-25: Building] WARN  o.a.m.s.f.DefaultMavenResourcesFiltering - Using platform encoding (UTF-8 actually) to copy filtered resources, i.e. build is platform dependent!
2025-09-18 21:30:03,249 [Worker-25: Building] INFO  o.a.m.s.f.DefaultMavenResourcesFiltering - skip non existing resourceDirectory C:\Users\ip-slim-3\eclipse-workspacenew-July25\selenium-maven-project\src\test\resources
2025-09-18 21:31:50,792 [Worker-31: Building] WARN  o.a.m.s.f.DefaultMavenResourcesFiltering - Using platform encoding (UTF-8 actually) to copy filtered resources, i.e. build is platform dependent!
2025-09-18 21:31:50,793 [Worker-31: Building] INFO  o.a.m.s.f.DefaultMavenResourcesFiltering - skip non existing resourceDirectory C:\Users\ip-slim-3\eclipse-workspacenew-July25\selenium-maven-project\src\main\resources
2025-09-18 21:31:50,796 [Worker-31: Building] WARN  o.a.m.s.f.DefaultMavenResourcesFiltering - Using platform encoding (UTF-8 actually) to copy filtered resources, i.e. build is platform dependent!
2025-09-18 21:31:50,796 [Worker-31: Building] INFO  o.a.m.s.f.DefaultMavenResourcesFiltering - skip non existing resourceDirectory C:\Users\ip-slim-3\eclipse-workspacenew-July25\selenium-maven-project\src\test\resources
2025-09-18 21:35:38,081 [Worker-32: Building] WARN  o.a.m.s.f.DefaultMavenResourcesFiltering - Using platform encoding (UTF-8 actually) to copy filtered resources, i.e. build is platform dependent!
2025-09-18 21:35:38,083 [Worker-32: Building] INFO  o.a.m.s.f.DefaultMavenResourcesFiltering - skip non existing resourceDirectory C:\Users\ip-slim-3\eclipse-workspacenew-July25\selenium-maven-project\src\main\resources
2025-09-18 21:35:38,085 [Worker-32: Building] WARN  o.a.m.s.f.DefaultMavenResourcesFiltering - Using platform encoding (UTF-8 actually) to copy filtered resources, i.e. build is platform dependent!
2025-09-18 21:35:38,086 [Worker-32: Building] INFO  o.a.m.s.f.DefaultMavenResourcesFiltering - skip non existing resourceDirectory C:\Users\ip-slim-3\eclipse-workspacenew-July25\selenium-maven-project\src\test\resources
2025-09-18 21:36:25,239 [Worker-32: Building] WARN  o.a.m.s.f.DefaultMavenResourcesFiltering - Using platform encoding (UTF-8 actually) to copy filtered resources, i.e. build is platform dependent!
2025-09-18 21:36:25,242 [Worker-32: Building] INFO  o.a.m.s.f.DefaultMavenResourcesFiltering - skip non existing resourceDirectory C:\Users\ip-slim-3\eclipse-workspacenew-July25\selenium-maven-project\src\main\resources
2025-09-18 21:36:25,245 [Worker-32: Building] WARN  o.a.m.s.f.DefaultMavenResourcesFiltering - Using platform encoding (UTF-8 actually) to copy filtered resources, i.e. build is platform dependent!
2025-09-18 21:36:25,246 [Worker-32: Building] INFO  o.a.m.s.f.DefaultMavenResourcesFiltering - skip non existing resourceDirectory C:\Users\ip-slim-3\eclipse-workspacenew-July25\selenium-maven-project\src\test\resources
2025-09-18 21:37:02,420 [Worker-32: Building] WARN  o.a.m.s.f.DefaultMavenResourcesFiltering - Using platform encoding (UTF-8 actually) to copy filtered resources, i.e. build is platform dependent!
2025-09-18 21:37:02,421 [Worker-32: Building] INFO  o.a.m.s.f.DefaultMavenResourcesFiltering - skip non existing resourceDirectory C:\Users\ip-slim-3\eclipse-workspacenew-July25\selenium-maven-project\src\main\resources
2025-09-18 21:37:02,423 [Worker-32: Building] WARN  o.a.m.s.f.DefaultMavenResourcesFiltering - Using platform encoding (UTF-8 actually) to copy filtered resources, i.e. build is platform dependent!
2025-09-18 21:37:02,424 [Worker-32: Building] INFO  o.a.m.s.f.DefaultMavenResourcesFiltering - skip non existing resourceDirectory C:\Users\ip-slim-3\eclipse-workspacenew-July25\selenium-maven-project\src\test\resources
2025-09-18 21:37:40,719 [Worker-32: Building] WARN  o.a.m.s.f.DefaultMavenResourcesFiltering - Using platform encoding (UTF-8 actually) to copy filtered resources, i.e. build is platform dependent!
2025-09-18 21:37:40,721 [Worker-32: Building] INFO  o.a.m.s.f.DefaultMavenResourcesFiltering - skip non existing resourceDirectory C:\Users\ip-slim-3\eclipse-workspacenew-July25\selenium-maven-project\src\main\resources
2025-09-18 21:37:40,723 [Worker-32: Building] WARN  o.a.m.s.f.DefaultMavenResourcesFiltering - Using platform encoding (UTF-8 actually) to copy filtered resources, i.e. build is platform dependent!
2025-09-18 21:37:40,725 [Worker-32: Building] INFO  o.a.m.s.f.DefaultMavenResourcesFiltering - skip non existing resourceDirectory C:\Users\ip-slim-3\eclipse-workspacenew-July25\selenium-maven-project\src\test\resources
2025-09-18 21:39:02,153 [Worker-34: Building] WARN  o.a.m.s.f.DefaultMavenResourcesFiltering - Using platform encoding (UTF-8 actually) to copy filtered resources, i.e. build is platform dependent!
2025-09-18 21:39:02,154 [Worker-34: Building] INFO  o.a.m.s.f.DefaultMavenResourcesFiltering - skip non existing resourceDirectory C:\Users\ip-slim-3\eclipse-workspacenew-July25\selenium-maven-project\src\main\resources
2025-09-18 21:39:02,156 [Worker-34: Building] WARN  o.a.m.s.f.DefaultMavenResourcesFiltering - Using platform encoding (UTF-8 actually) to copy filtered resources, i.e. build is platform dependent!
2025-09-18 21:39:02,157 [Worker-34: Building] INFO  o.a.m.s.f.DefaultMavenResourcesFiltering - skip non existing resourceDirectory C:\Users\ip-slim-3\eclipse-workspacenew-July25\selenium-maven-project\src\test\resources
2025-09-18 21:39:45,793 [Worker-29: Building] WARN  o.a.m.s.f.DefaultMavenResourcesFiltering - Using platform encoding (UTF-8 actually) to copy filtered resources, i.e. build is platform dependent!
2025-09-18 21:39:45,794 [Worker-29: Building] INFO  o.a.m.s.f.DefaultMavenResourcesFiltering - skip non existing resourceDirectory C:\Users\ip-slim-3\eclipse-workspacenew-July25\selenium-maven-project\src\main\resources
2025-09-18 21:39:45,798 [Worker-29: Building] WARN  o.a.m.s.f.DefaultMavenResourcesFiltering - Using platform encoding (UTF-8 actually) to copy filtered resources, i.e. build is platform dependent!
2025-09-18 21:39:45,801 [Worker-29: Building] INFO  o.a.m.s.f.DefaultMavenResourcesFiltering - skip non existing resourceDirectory C:\Users\ip-slim-3\eclipse-workspacenew-July25\selenium-maven-project\src\test\resources
2025-09-18 21:39:52,297 [Worker-29: Building] WARN  o.a.m.s.f.DefaultMavenResourcesFiltering - Using platform encoding (UTF-8 actually) to copy filtered resources, i.e. build is platform dependent!
2025-09-18 21:39:52,298 [Worker-29: Building] INFO  o.a.m.s.f.DefaultMavenResourcesFiltering - skip non existing resourceDirectory C:\Users\ip-slim-3\eclipse-workspacenew-July25\selenium-maven-project\src\main\resources
2025-09-18 21:39:52,300 [Worker-29: Building] WARN  o.a.m.s.f.DefaultMavenResourcesFiltering - Using platform encoding (UTF-8 actually) to copy filtered resources, i.e. build is platform dependent!
2025-09-18 21:39:52,301 [Worker-29: Building] INFO  o.a.m.s.f.DefaultMavenResourcesFiltering - skip non existing resourceDirectory C:\Users\ip-slim-3\eclipse-workspacenew-July25\selenium-maven-project\src\test\resources
2025-09-18 21:39:59,551 [Worker-35: Building] WARN  o.a.m.s.f.DefaultMavenResourcesFiltering - Using platform encoding (UTF-8 actually) to copy filtered resources, i.e. build is platform dependent!
2025-09-18 21:39:59,552 [Worker-35: Building] INFO  o.a.m.s.f.DefaultMavenResourcesFiltering - skip non existing resourceDirectory C:\Users\ip-slim-3\eclipse-workspacenew-July25\selenium-maven-project\src\main\resources
2025-09-18 21:39:59,554 [Worker-35: Building] WARN  o.a.m.s.f.DefaultMavenResourcesFiltering - Using platform encoding (UTF-8 actually) to copy filtered resources, i.e. build is platform dependent!
2025-09-18 21:39:59,555 [Worker-35: Building] INFO  o.a.m.s.f.DefaultMavenResourcesFiltering - skip non existing resourceDirectory C:\Users\ip-slim-3\eclipse-workspacenew-July25\selenium-maven-project\src\test\resources
2025-09-18 21:40:38,036 [Worker-34: Building] WARN  o.a.m.s.f.DefaultMavenResourcesFiltering - Using platform encoding (UTF-8 actually) to copy filtered resources, i.e. build is platform dependent!
2025-09-18 21:40:38,037 [Worker-34: Building] INFO  o.a.m.s.f.DefaultMavenResourcesFiltering - skip non existing resourceDirectory C:\Users\ip-slim-3\eclipse-workspacenew-July25\selenium-maven-project\src\main\resources
2025-09-18 21:40:38,040 [Worker-34: Building] WARN  o.a.m.s.f.DefaultMavenResourcesFiltering - Using platform encoding (UTF-8 actually) to copy filtered resources, i.e. build is platform dependent!
2025-09-18 21:40:38,040 [Worker-34: Building] INFO  o.a.m.s.f.DefaultMavenResourcesFiltering - skip non existing resourceDirectory C:\Users\ip-slim-3\eclipse-workspacenew-July25\selenium-maven-project\src\test\resources
2025-09-18 21:41:08,409 [Worker-33: Building] WARN  o.a.m.s.f.DefaultMavenResourcesFiltering - Using platform encoding (UTF-8 actually) to copy filtered resources, i.e. build is platform dependent!
2025-09-18 21:41:08,411 [Worker-33: Building] INFO  o.a.m.s.f.DefaultMavenResourcesFiltering - skip non existing resourceDirectory C:\Users\ip-slim-3\eclipse-workspacenew-July25\selenium-maven-project\src\main\resources
2025-09-18 21:41:08,414 [Worker-33: Building] WARN  o.a.m.s.f.DefaultMavenResourcesFiltering - Using platform encoding (UTF-8 actually) to copy filtered resources, i.e. build is platform dependent!
2025-09-18 21:41:08,414 [Worker-33: Building] INFO  o.a.m.s.f.DefaultMavenResourcesFiltering - skip non existing resourceDirectory C:\Users\ip-slim-3\eclipse-workspacenew-July25\selenium-maven-project\src\test\resources
2025-09-18 21:42:11,827 [Worker-35: Building] WARN  o.a.m.s.f.DefaultMavenResourcesFiltering - Using platform encoding (UTF-8 actually) to copy filtered resources, i.e. build is platform dependent!
2025-09-18 21:42:11,829 [Worker-35: Building] INFO  o.a.m.s.f.DefaultMavenResourcesFiltering - skip non existing resourceDirectory C:\Users\ip-slim-3\eclipse-workspacenew-July25\selenium-maven-project\src\main\resources
2025-09-18 21:42:11,830 [Worker-35: Building] WARN  o.a.m.s.f.DefaultMavenResourcesFiltering - Using platform encoding (UTF-8 actually) to copy filtered resources, i.e. build is platform dependent!
2025-09-18 21:42:11,831 [Worker-35: Building] INFO  o.a.m.s.f.DefaultMavenResourcesFiltering - skip non existing resourceDirectory C:\Users\ip-slim-3\eclipse-workspacenew-July25\selenium-maven-project\src\test\resources
2025-09-18 21:43:05,836 [Worker-35: Building] WARN  o.a.m.s.f.DefaultMavenResourcesFiltering - Using platform encoding (UTF-8 actually) to copy filtered resources, i.e. build is platform dependent!
2025-09-18 21:43:05,837 [Worker-35: Building] INFO  o.a.m.s.f.DefaultMavenResourcesFiltering - skip non existing resourceDirectory C:\Users\ip-slim-3\eclipse-workspacenew-July25\selenium-maven-project\src\main\resources
2025-09-18 21:43:05,840 [Worker-35: Building] WARN  o.a.m.s.f.DefaultMavenResourcesFiltering - Using platform encoding (UTF-8 actually) to copy filtered resources, i.e. build is platform dependent!
2025-09-18 21:43:05,841 [Worker-35: Building] INFO  o.a.m.s.f.DefaultMavenResourcesFiltering - skip non existing resourceDirectory C:\Users\ip-slim-3\eclipse-workspacenew-July25\selenium-maven-project\src\test\resources
2025-09-18 21:43:53,390 [Worker-29: Building] WARN  o.a.m.s.f.DefaultMavenResourcesFiltering - Using platform encoding (UTF-8 actually) to copy filtered resources, i.e. build is platform dependent!
2025-09-18 21:43:53,391 [Worker-29: Building] INFO  o.a.m.s.f.DefaultMavenResourcesFiltering - skip non existing resourceDirectory C:\Users\ip-slim-3\eclipse-workspacenew-July25\selenium-maven-project\src\main\resources
2025-09-18 21:43:53,393 [Worker-29: Building] WARN  o.a.m.s.f.DefaultMavenResourcesFiltering - Using platform encoding (UTF-8 actually) to copy filtered resources, i.e. build is platform dependent!
2025-09-18 21:43:53,394 [Worker-29: Building] INFO  o.a.m.s.f.DefaultMavenResourcesFiltering - skip non existing resourceDirectory C:\Users\ip-slim-3\eclipse-workspacenew-July25\selenium-maven-project\src\test\resources
2025-09-18 21:44:40,073 [Worker-34: Building] WARN  o.a.m.s.f.DefaultMavenResourcesFiltering - Using platform encoding (UTF-8 actually) to copy filtered resources, i.e. build is platform dependent!
2025-09-18 21:44:40,074 [Worker-34: Building] INFO  o.a.m.s.f.DefaultMavenResourcesFiltering - skip non existing resourceDirectory C:\Users\ip-slim-3\eclipse-workspacenew-July25\selenium-maven-project\src\main\resources
2025-09-18 21:44:40,078 [Worker-34: Building] WARN  o.a.m.s.f.DefaultMavenResourcesFiltering - Using platform encoding (UTF-8 actually) to copy filtered resources, i.e. build is platform dependent!
2025-09-18 21:44:40,080 [Worker-34: Building] INFO  o.a.m.s.f.DefaultMavenResourcesFiltering - skip non existing resourceDirectory C:\Users\ip-slim-3\eclipse-workspacenew-July25\selenium-maven-project\src\test\resources
2025-09-18 21:45:41,730 [Worker-32: Building] WARN  o.a.m.s.f.DefaultMavenResourcesFiltering - Using platform encoding (UTF-8 actually) to copy filtered resources, i.e. build is platform dependent!
2025-09-18 21:45:41,732 [Worker-32: Building] INFO  o.a.m.s.f.DefaultMavenResourcesFiltering - skip non existing resourceDirectory C:\Users\ip-slim-3\eclipse-workspacenew-July25\selenium-maven-project\src\main\resources
2025-09-18 21:45:41,733 [Worker-32: Building] WARN  o.a.m.s.f.DefaultMavenResourcesFiltering - Using platform encoding (UTF-8 actually) to copy filtered resources, i.e. build is platform dependent!
2025-09-18 21:45:41,734 [Worker-32: Building] INFO  o.a.m.s.f.DefaultMavenResourcesFiltering - skip non existing resourceDirectory C:\Users\ip-slim-3\eclipse-workspacenew-July25\selenium-maven-project\src\test\resources
2025-09-18 21:47:04,200 [Worker-35: Building] WARN  o.a.m.s.f.DefaultMavenResourcesFiltering - Using platform encoding (UTF-8 actually) to copy filtered resources, i.e. build is platform dependent!
2025-09-18 21:47:04,202 [Worker-35: Building] INFO  o.a.m.s.f.DefaultMavenResourcesFiltering - skip non existing resourceDirectory C:\Users\ip-slim-3\eclipse-workspacenew-July25\selenium-maven-project\src\main\resources
2025-09-18 21:47:04,205 [Worker-35: Building] WARN  o.a.m.s.f.DefaultMavenResourcesFiltering - Using platform encoding (UTF-8 actually) to copy filtered resources, i.e. build is platform dependent!
2025-09-18 21:47:04,206 [Worker-35: Building] INFO  o.a.m.s.f.DefaultMavenResourcesFiltering - skip non existing resourceDirectory C:\Users\ip-slim-3\eclipse-workspacenew-July25\selenium-maven-project\src\test\resources
2025-09-18 21:47:18,884 [Worker-32: Building] WARN  o.a.m.s.f.DefaultMavenResourcesFiltering - Using platform encoding (UTF-8 actually) to copy filtered resources, i.e. build is platform dependent!
2025-09-18 21:47:18,885 [Worker-32: Building] INFO  o.a.m.s.f.DefaultMavenResourcesFiltering - skip non existing resourceDirectory C:\Users\ip-slim-3\eclipse-workspacenew-July25\selenium-maven-project\src\main\resources
2025-09-18 21:47:18,889 [Worker-32: Building] WARN  o.a.m.s.f.DefaultMavenResourcesFiltering - Using platform encoding (UTF-8 actually) to copy filtered resources, i.e. build is platform dependent!
2025-09-18 21:47:18,890 [Worker-32: Building] INFO  o.a.m.s.f.DefaultMavenResourcesFiltering - skip non existing resourceDirectory C:\Users\ip-slim-3\eclipse-workspacenew-July25\selenium-maven-project\src\test\resources
2025-09-18 21:54:59,007 [Worker-28: Building] WARN  o.a.m.s.f.DefaultMavenResourcesFiltering - Using platform encoding (UTF-8 actually) to copy filtered resources, i.e. build is platform dependent!
2025-09-18 21:54:59,008 [Worker-28: Building] INFO  o.a.m.s.f.DefaultMavenResourcesFiltering - skip non existing resourceDirectory C:\Users\ip-slim-3\eclipse-workspacenew-July25\selenium-maven-project\src\main\resources
2025-09-18 21:54:59,010 [Worker-28: Building] WARN  o.a.m.s.f.DefaultMavenResourcesFiltering - Using platform encoding (UTF-8 actually) to copy filtered resources, i.e. build is platform dependent!
2025-09-18 21:54:59,011 [Worker-28: Building] INFO  o.a.m.s.f.DefaultMavenResourcesFiltering - skip non existing resourceDirectory C:\Users\ip-slim-3\eclipse-workspacenew-July25\selenium-maven-project\src\test\resources
2025-09-18 21:55:33,985 [Worker-33: Building] WARN  o.a.m.s.f.DefaultMavenResourcesFiltering - Using platform encoding (UTF-8 actually) to copy filtered resources, i.e. build is platform dependent!
2025-09-18 21:55:33,985 [Worker-33: Building] INFO  o.a.m.s.f.DefaultMavenResourcesFiltering - skip non existing resourceDirectory C:\Users\ip-slim-3\eclipse-workspacenew-July25\selenium-maven-project\src\main\resources
2025-09-18 21:55:33,987 [Worker-33: Building] WARN  o.a.m.s.f.DefaultMavenResourcesFiltering - Using platform encoding (UTF-8 actually) to copy filtered resources, i.e. build is platform dependent!
2025-09-18 21:55:33,988 [Worker-33: Building] INFO  o.a.m.s.f.DefaultMavenResourcesFiltering - skip non existing resourceDirectory C:\Users\ip-slim-3\eclipse-workspacenew-July25\selenium-maven-project\src\test\resources
2025-09-18 21:56:09,734 [Worker-28: Building] WARN  o.a.m.s.f.DefaultMavenResourcesFiltering - Using platform encoding (UTF-8 actually) to copy filtered resources, i.e. build is platform dependent!
2025-09-18 21:56:09,735 [Worker-28: Building] INFO  o.a.m.s.f.DefaultMavenResourcesFiltering - skip non existing resourceDirectory C:\Users\ip-slim-3\eclipse-workspacenew-July25\selenium-maven-project\src\main\resources
2025-09-18 21:56:09,737 [Worker-28: Building] WARN  o.a.m.s.f.DefaultMavenResourcesFiltering - Using platform encoding (UTF-8 actually) to copy filtered resources, i.e. build is platform dependent!
2025-09-18 21:56:09,738 [Worker-28: Building] INFO  o.a.m.s.f.DefaultMavenResourcesFiltering - skip non existing resourceDirectory C:\Users\ip-slim-3\eclipse-workspacenew-July25\selenium-maven-project\src\test\resources
2025-09-18 22:00:09,886 [Worker-40: Building] WARN  o.a.m.s.f.DefaultMavenResourcesFiltering - Using platform encoding (UTF-8 actually) to copy filtered resources, i.e. build is platform dependent!
2025-09-18 22:00:09,889 [Worker-40: Building] INFO  o.a.m.s.f.DefaultMavenResourcesFiltering - skip non existing resourceDirectory C:\Users\ip-slim-3\eclipse-workspacenew-July25\selenium-maven-project\src\main\resources
2025-09-18 22:00:09,893 [Worker-40: Building] WARN  o.a.m.s.f.DefaultMavenResourcesFiltering - Using platform encoding (UTF-8 actually) to copy filtered resources, i.e. build is platform dependent!
2025-09-18 22:00:09,894 [Worker-40: Building] INFO  o.a.m.s.f.DefaultMavenResourcesFiltering - skip non existing resourceDirectory C:\Users\ip-slim-3\eclipse-workspacenew-July25\selenium-maven-project\src\test\resources
2025-09-18 22:00:30,680 [Worker-28: Building] WARN  o.a.m.s.f.DefaultMavenResourcesFiltering - Using platform encoding (UTF-8 actually) to copy filtered resources, i.e. build is platform dependent!
2025-09-18 22:00:30,681 [Worker-28: Building] INFO  o.a.m.s.f.DefaultMavenResourcesFiltering - skip non existing resourceDirectory C:\Users\ip-slim-3\eclipse-workspacenew-July25\selenium-maven-project\src\main\resources
2025-09-18 22:00:30,683 [Worker-28: Building] WARN  o.a.m.s.f.DefaultMavenResourcesFiltering - Using platform encoding (UTF-8 actually) to copy filtered resources, i.e. build is platform dependent!
2025-09-18 22:00:30,685 [Worker-28: Building] INFO  o.a.m.s.f.DefaultMavenResourcesFiltering - skip non existing resourceDirectory C:\Users\ip-slim-3\eclipse-workspacenew-July25\selenium-maven-project\src\test\resources
2025-09-18 22:00:45,686 [Worker-40: Building] WARN  o.a.m.s.f.DefaultMavenResourcesFiltering - Using platform encoding (UTF-8 actually) to copy filtered resources, i.e. build is platform dependent!
2025-09-18 22:00:45,688 [Worker-40: Building] INFO  o.a.m.s.f.DefaultMavenResourcesFiltering - skip non existing resourceDirectory C:\Users\ip-slim-3\eclipse-workspacenew-July25\selenium-maven-project\src\main\resources
2025-09-18 22:00:45,691 [Worker-40: Building] WARN  o.a.m.s.f.DefaultMavenResourcesFiltering - Using platform encoding (UTF-8 actually) to copy filtered resources, i.e. build is platform dependent!
2025-09-18 22:00:45,692 [Worker-40: Building] INFO  o.a.m.s.f.DefaultMavenResourcesFiltering - skip non existing resourceDirectory C:\Users\ip-slim-3\eclipse-workspacenew-July25\selenium-maven-project\src\test\resources
2025-09-18 22:00:46,758 [Worker-28: Building] WARN  o.a.m.s.f.DefaultMavenResourcesFiltering - Using platform encoding (UTF-8 actually) to copy filtered resources, i.e. build is platform dependent!
2025-09-18 22:00:46,759 [Worker-28: Building] INFO  o.a.m.s.f.DefaultMavenResourcesFiltering - skip non existing resourceDirectory C:\Users\ip-slim-3\eclipse-workspacenew-July25\selenium-maven-project\src\main\resources
2025-09-18 22:00:46,762 [Worker-28: Building] WARN  o.a.m.s.f.DefaultMavenResourcesFiltering - Using platform encoding (UTF-8 actually) to copy filtered resources, i.e. build is platform dependent!
2025-09-18 22:00:46,762 [Worker-28: Building] INFO  o.a.m.s.f.DefaultMavenResourcesFiltering - skip non existing resourceDirectory C:\Users\ip-slim-3\eclipse-workspacenew-July25\selenium-maven-project\src\test\resources
2025-09-18 22:02:15,350 [Worker-40: Building] WARN  o.a.m.s.f.DefaultMavenResourcesFiltering - Using platform encoding (UTF-8 actually) to copy filtered resources, i.e. build is platform dependent!
2025-09-18 22:02:15,351 [Worker-40: Building] INFO  o.a.m.s.f.DefaultMavenResourcesFiltering - skip non existing resourceDirectory C:\Users\ip-slim-3\eclipse-workspacenew-July25\selenium-maven-project\src\main\resources
2025-09-18 22:02:15,353 [Worker-40: Building] WARN  o.a.m.s.f.DefaultMavenResourcesFiltering - Using platform encoding (UTF-8 actually) to copy filtered resources, i.e. build is platform dependent!
2025-09-18 22:02:15,354 [Worker-40: Building] INFO  o.a.m.s.f.DefaultMavenResourcesFiltering - skip non existing resourceDirectory C:\Users\ip-slim-3\eclipse-workspacenew-July25\selenium-maven-project\src\test\resources
2025-09-18 22:08:09,612 [Worker-33: Building] WARN  o.a.m.s.f.DefaultMavenResourcesFiltering - Using platform encoding (UTF-8 actually) to copy filtered resources, i.e. build is platform dependent!
2025-09-18 22:08:09,614 [Worker-33: Building] INFO  o.a.m.s.f.DefaultMavenResourcesFiltering - skip non existing resourceDirectory C:\Users\ip-slim-3\eclipse-workspacenew-July25\selenium-maven-project\src\main\resources
2025-09-18 22:08:09,616 [Worker-33: Building] WARN  o.a.m.s.f.DefaultMavenResourcesFiltering - Using platform encoding (UTF-8 actually) to copy filtered resources, i.e. build is platform dependent!
2025-09-18 22:08:09,617 [Worker-33: Building] INFO  o.a.m.s.f.DefaultMavenResourcesFiltering - skip non existing resourceDirectory C:\Users\ip-slim-3\eclipse-workspacenew-July25\selenium-maven-project\src\test\resources
2025-09-18 22:08:10,664 [Worker-42: Building] WARN  o.a.m.s.f.DefaultMavenResourcesFiltering - Using platform encoding (UTF-8 actually) to copy filtered resources, i.e. build is platform dependent!
2025-09-18 22:08:10,665 [Worker-42: Building] INFO  o.a.m.s.f.DefaultMavenResourcesFiltering - skip non existing resourceDirectory C:\Users\ip-slim-3\eclipse-workspacenew-July25\selenium-maven-project\src\main\resources
2025-09-18 22:08:10,667 [Worker-42: Building] WARN  o.a.m.s.f.DefaultMavenResourcesFiltering - Using platform encoding (UTF-8 actually) to copy filtered resources, i.e. build is platform dependent!
2025-09-18 22:08:10,668 [Worker-42: Building] INFO  o.a.m.s.f.DefaultMavenResourcesFiltering - skip non existing resourceDirectory C:\Users\ip-slim-3\eclipse-workspacenew-July25\selenium-maven-project\src\test\resources
2025-09-18 22:08:34,640 [Worker-33: Building] WARN  o.a.m.s.f.DefaultMavenResourcesFiltering - Using platform encoding (UTF-8 actually) to copy filtered resources, i.e. build is platform dependent!
2025-09-18 22:08:34,641 [Worker-33: Building] INFO  o.a.m.s.f.DefaultMavenResourcesFiltering - skip non existing resourceDirectory C:\Users\ip-slim-3\eclipse-workspacenew-July25\selenium-maven-project\src\main\resources
2025-09-18 22:08:34,643 [Worker-33: Building] WARN  o.a.m.s.f.DefaultMavenResourcesFiltering - Using platform encoding (UTF-8 actually) to copy filtered resources, i.e. build is platform dependent!
2025-09-18 22:08:34,644 [Worker-33: Building] INFO  o.a.m.s.f.DefaultMavenResourcesFiltering - skip non existing resourceDirectory C:\Users\ip-slim-3\eclipse-workspacenew-July25\selenium-maven-project\src\test\resources
2025-09-18 22:08:56,706 [Worker-43: Building] WARN  o.a.m.s.f.DefaultMavenResourcesFiltering - Using platform encoding (UTF-8 actually) to copy filtered resources, i.e. build is platform dependent!
2025-09-18 22:08:56,707 [Worker-43: Building] INFO  o.a.m.s.f.DefaultMavenResourcesFiltering - skip non existing resourceDirectory C:\Users\ip-slim-3\eclipse-workspacenew-July25\selenium-maven-project\src\main\resources
2025-09-18 22:08:56,709 [Worker-43: Building] WARN  o.a.m.s.f.DefaultMavenResourcesFiltering - Using platform encoding (UTF-8 actually) to copy filtered resources, i.e. build is platform dependent!
2025-09-18 22:08:56,710 [Worker-43: Building] INFO  o.a.m.s.f.DefaultMavenResourcesFiltering - skip non existing resourceDirectory C:\Users\ip-slim-3\eclipse-workspacenew-July25\selenium-maven-project\src\test\resources
2025-09-18 22:09:23,762 [Worker-33: Building] WARN  o.a.m.s.f.DefaultMavenResourcesFiltering - Using platform encoding (UTF-8 actually) to copy filtered resources, i.e. build is platform dependent!
2025-09-18 22:09:23,763 [Worker-33: Building] INFO  o.a.m.s.f.DefaultMavenResourcesFiltering - skip non existing resourceDirectory C:\Users\ip-slim-3\eclipse-workspacenew-July25\selenium-maven-project\src\main\resources
2025-09-18 22:09:23,764 [Worker-33: Building] WARN  o.a.m.s.f.DefaultMavenResourcesFiltering - Using platform encoding (UTF-8 actually) to copy filtered resources, i.e. build is platform dependent!
2025-09-18 22:09:23,765 [Worker-33: Building] INFO  o.a.m.s.f.DefaultMavenResourcesFiltering - skip non existing resourceDirectory C:\Users\ip-slim-3\eclipse-workspacenew-July25\selenium-maven-project\src\test\resources
2025-09-18 22:09:30,393 [Worker-42: Building] WARN  o.a.m.s.f.DefaultMavenResourcesFiltering - Using platform encoding (UTF-8 actually) to copy filtered resources, i.e. build is platform dependent!
2025-09-18 22:09:30,394 [Worker-42: Building] INFO  o.a.m.s.f.DefaultMavenResourcesFiltering - skip non existing resourceDirectory C:\Users\ip-slim-3\eclipse-workspacenew-July25\selenium-maven-project\src\main\resources
2025-09-18 22:09:30,395 [Worker-42: Building] WARN  o.a.m.s.f.DefaultMavenResourcesFiltering - Using platform encoding (UTF-8 actually) to copy filtered resources, i.e. build is platform dependent!
2025-09-18 22:09:30,397 [Worker-42: Building] INFO  o.a.m.s.f.DefaultMavenResourcesFiltering - skip non existing resourceDirectory C:\Users\ip-slim-3\eclipse-workspacenew-July25\selenium-maven-project\src\test\resources
